id,first_name,last_name,email,gender,job_title,salary
1,Samaria,Maffioni,smaffioni0@mlb.com,Female,Analog Circuit Design manager,7553.82
2,May,Parmeter,mparmeter1@about.me,Female,Account Representative II,4939.97
3,Lotti,Lebbon,llebbon2@angelfire.com,Female,Financial Advisor,4880.02
4,Jillayne,Hidderley,jhidderley3@youtu.be,Female,Statistician I,1517.68
5,Mabelle,Usher,musher4@soundcloud.com,Female,Human Resources Assistant III,5283.35
6,Maritsa,Vinter,mvinter5@newsvine.com,Female,Geological Engineer,6625.93
7,Giovanni,Clarey,gclarey6@t.co,Male,Senior Financial Analyst,6810.18
8,Hilliard,Pitcaithly,hpitcaithly7@seesaa.net,Male,Automation Specialist II,4439.01
9,Sheff,Vickress,svickress8@mit.edu,Male,Mechanical Systems Engineer,3970.03
10,Napoleon,Leeb,nleeb9@bluehost.com,Male,Editor,3724.54
11,Collin,Handling,chandlinga@i2i.jp,Male,Professor,1102.89
12,Ashlen,Satteford,asattefordb@amazon.co.jp,Female,Administrative Assistant IV,1357.24
13,Inger,Chessun,ichessunc@sakura.ne.jp,Female,Compensation Analyst,3921.01
14,Wandie,Egle of Germany,wegleofgermanyd@gnu.org,Female,Legal Assistant,7300.86
15,Hershel,Pea,hpeae@paginegialle.it,Male,Data Coordiator,7024.76
16,Sarine,Houlden,shouldenf@alibaba.com,Female,Sales Associate,6047.93
17,Darryl,Lamping,dlampingg@fotki.com,Female,Assistant Professor,7652.02
18,Rockey,Pilpovic,rpilpovich@goodreads.com,Male,Chief Design Engineer,7773.68
19,Burch,Poundford,bpoundfordi@dropbox.com,Male,Chemical Engineer,2179.05
20,Marcie,Neve,mnevej@sakura.ne.jp,Female,Programmer II,3950.78
21,Brandise,Allchorne,ballchornek@buzzfeed.com,Female,Senior Developer,7398.75
22,Tybalt,Croisdall,tcroisdalll@boston.com,Male,Community Outreach Specialist,4195.66
23,Audrey,Chamberlaine,achamberlainem@wordpress.org,Female,Account Executive,4949.03
24,Poul,Mc Faul,pmcfauln@telegraph.co.uk,Male,Engineer I,2878.91
25,Jeno,Stennes,jstenneso@nhs.uk,Male,Senior Sales Associate,6149.40
26,Bendix,Aspray,basprayp@freewebs.com,Male,Financial Analyst,1292.33
27,Jeffry,Ryall,jryallq@businesswire.com,Male,Research Assistant I,6070.96
28,Madeline,Baxstar,mbaxstarr@harvard.edu,Female,Financial Analyst,2229.41
29,Bryon,Le Clercq,bleclercqs@wikimedia.org,Male,Desktop Support Technician,9344.93
30,Fanchon,Hasty,fhastyt@godaddy.com,Female,Information Systems Manager,7846.73
31,Corrinne,Mountney,cmountneyu@engadget.com,Female,Programmer IV,4772.25
32,Hastie,Whipp,hwhippv@dailymail.co.uk,Male,Sales Representative,7608.60
33,Hugo,Shillaber,hshillaberw@omniture.com,Male,Biostatistician I,5581.80
34,Elwood,Peabody,epeabodyx@wordpress.com,Male,Research Assistant II,7065.91
35,Raviv,Fernie,rferniey@apache.org,Male,Administrative Officer,3010.71
36,Herrick,Andreu,handreuz@cornell.edu,Male,Research Associate,2355.64
37,Binnie,McSperron,bmcsperron10@china.com.cn,Female,Graphic Designer,5969.83
38,Kathy,Hollyer,khollyer11@globo.com,Female,Health Coach II,3913.06
39,Basilio,Rye,brye12@miibeian.gov.cn,Male,Geological Engineer,3782.54
40,Gerard,Arrundale,garrundale13@china.com.cn,Male,Staff Scientist,6723.50
41,Willabella,Gibbs,wgibbs14@posterous.com,Female,Operator,2324.09
42,Jenine,McBayne,jmcbayne15@samsung.com,Female,Physical Therapy Assistant,6714.74
43,Rawley,Antonomolii,rantonomolii16@cbsnews.com,Male,Automation Specialist I,8147.99
44,Luca,Brankley,lbrankley17@jiathis.com,Male,Recruiting Manager,5207.94
45,Corrie,Fiddian,cfiddian18@prlog.org,Male,Help Desk Technician,7696.11
46,Wang,MacAfee,wmacafee19@rakuten.co.jp,Male,Analyst Programmer,9373.18
47,Roscoe,Asman,rasman1a@ocn.ne.jp,Male,Recruiting Manager,8487.83
48,Randolf,Seak,rseak1b@vinaora.com,Male,Sales Representative,8046.38
49,Quinta,Raoult,qraoult1c@canalblog.com,Female,Business Systems Development Analyst,5046.24
50,Lotte,Forber,lforber1d@microsoft.com,Female,Data Coordiator,7685.29
51,Wilburt,Scanes,wscanes1e@usa.gov,Male,Desktop Support Technician,1450.40
52,Moira,Romeril,mromeril1f@state.gov,Female,Associate Professor,8611.75
53,Flss,McCall,fmccall1g@opera.com,Female,Civil Engineer,3783.62
54,Noelle,Lapthorn,nlapthorn1h@nps.gov,Female,Geological Engineer,8596.03
55,Kissiah,MacTurlough,kmacturlough1i@intel.com,Female,Human Resources Assistant II,9562.60
56,Ernesta,Delacroix,edelacroix1j@dailymotion.com,Female,Sales Associate,6262.60
57,Jen,Olczyk,jolczyk1k@linkedin.com,Female,Business Systems Development Analyst,5145.52
58,Zedekiah,Bottrill,zbottrill1l@unesco.org,Male,Programmer Analyst III,3044.97
59,Ebeneser,Leary,eleary1m@smh.com.au,Male,Senior Quality Engineer,3870.57
60,Arni,O'Gleasane,aogleasane1n@ocn.ne.jp,Male,Administrative Officer,6089.92
61,Conni,Farrans,cfarrans1o@vimeo.com,Female,Tax Accountant,7261.38
62,Moritz,Durnin,mdurnin1p@constantcontact.com,Male,Marketing Manager,3015.43
63,Sean,Romanski,sromanski1q@fotki.com,Male,Technical Writer,7134.65
64,Roberto,Procter,rprocter1r@statcounter.com,Male,Geologist IV,1516.84
65,Glenn,Robottham,grobottham1s@comcast.net,Female,Internal Auditor,3499.21
66,Neils,Avramov,navramov1t@opensource.org,Male,Staff Scientist,5536.93
67,Ariadne,Eldritt,aeldritt1u@canalblog.com,Female,Accounting Assistant IV,3039.05
68,Alvira,Hughes,ahughes1v@ocn.ne.jp,Female,Actuary,5762.12
69,Sarge,Ferrara,sferrara1w@fastcompany.com,Male,Clinical Specialist,2410.68
70,Dodie,Moon,dmoon1x@state.gov,Female,Chemical Engineer,4330.37
71,Abe,Popescu,apopescu1y@apple.com,Male,Financial Advisor,1654.51
72,Kiri,Errol,kerrol1z@tamu.edu,Female,Occupational Therapist,3281.49
73,Maye,Ferriman,mferriman20@si.edu,Female,Statistician IV,4630.65
74,Ricky,Seamarke,rseamarke21@shop-pro.jp,Female,Environmental Tech,3795.53
75,Ginny,Orrock,gorrock22@chronoengine.com,Female,Civil Engineer,6639.10
76,Joane,Rumbold,jrumbold23@independent.co.uk,Female,Human Resources Manager,2236.52
77,Claudina,Shipston,cshipston24@shareasale.com,Female,VP Quality Control,5464.30
78,Javier,Gofton,jgofton25@soundcloud.com,Male,Occupational Therapist,2440.59
79,Hugo,Dymoke,hdymoke26@epa.gov,Male,Tax Accountant,3644.80
80,Jolee,Marzelo,jmarzelo27@ning.com,Female,Analog Circuit Design manager,8066.45
81,Corinne,Pride,cpride28@tinypic.com,Female,Senior Editor,1548.22
82,Reta,McIsaac,rmcisaac29@smh.com.au,Female,Programmer IV,9218.85
83,Eva,Korejs,ekorejs2a@hibu.com,Female,Desktop Support Technician,3459.87
84,Wendall,Cruikshank,wcruikshank2b@cbsnews.com,Male,Assistant Professor,8523.83
85,Spense,Berkowitz,sberkowitz2c@photobucket.com,Male,Assistant Professor,1498.87
86,Berkley,Hanselman,bhanselman2d@infoseek.co.jp,Male,Desktop Support Technician,9988.83
87,Eveline,Charlon,echarlon2e@instagram.com,Female,Information Systems Manager,2602.08
88,Ivette,Undy,iundy2f@diigo.com,Female,Human Resources Assistant IV,8545.23
89,Marshall,MacKain,mmackain2g@themeforest.net,Male,Environmental Specialist,8076.79
90,Amitie,Spottswood,aspottswood2h@deliciousdays.com,Female,Environmental Specialist,3481.80
91,Edwina,Dimmick,edimmick2i@apache.org,Female,Payment Adjustment Coordinator,6530.38
92,Keely,Cassimer,kcassimer2j@sbwire.com,Female,Research Nurse,9396.95
93,Eileen,Karpeev,ekarpeev2k@buzzfeed.com,Female,Physical Therapy Assistant,5838.28
94,Evy,Lavrick,elavrick2l@myspace.com,Female,Data Coordiator,6720.81
95,Cristian,Carlill,ccarlill2m@nifty.com,Male,Project Manager,9775.73
96,Hunter,Dirand,hdirand2n@xinhuanet.com,Male,Senior Financial Analyst,4296.70
97,Darb,Lammiman,dlammiman2o@time.com,Male,Help Desk Technician,3758.72
98,Edeline,Greve,egreve2p@de.vu,Female,Human Resources Manager,3418.31
99,Audie,Belleny,abelleny2q@purevolume.com,Female,Structural Analysis Engineer,1646.72
100,Tam,Calbreath,tcalbreath2r@scientificamerican.com,Male,Payment Adjustment Coordinator,4640.61
101,Garek,Dodds,gdodds2s@ezinearticles.com,Male,Administrative Officer,2930.76
102,Gennifer,Fulker,gfulker2t@theatlantic.com,Female,Research Nurse,6217.69
103,Tiertza,Espinheira,tespinheira2u@businessweek.com,Female,Staff Scientist,8303.88
104,Denys,Vasin,dvasin2v@facebook.com,Male,Desktop Support Technician,5683.05
105,Nikolaus,Coarser,ncoarser2w@jimdo.com,Male,VP Sales,6577.06
106,Natka,Rotte,nrotte2x@npr.org,Female,Environmental Specialist,2995.66
107,Hyatt,Brendish,hbrendish2y@reuters.com,Male,Analog Circuit Design manager,2705.22
108,Angeline,Ox,aox2z@opera.com,Female,Accountant IV,8853.12
109,Hugues,Huntington,hhuntington30@smugmug.com,Male,Senior Cost Accountant,2058.39
110,Giana,Stocky,gstocky31@nytimes.com,Female,Nurse Practicioner,9401.55
111,Izzy,Tatum,itatum32@oakley.com,Male,Senior Editor,5287.26
112,Stanislaus,Finnigan,sfinnigan33@stumbleupon.com,Male,Chemical Engineer,3951.94
113,Helena,Shay,hshay34@usnews.com,Female,Mechanical Systems Engineer,7475.49
114,Jefferey,Ducham,jducham35@unesco.org,Male,Legal Assistant,1227.55
115,Sharia,Torn,storn36@theglobeandmail.com,Female,Data Coordiator,6973.07
116,Winifred,MacCombe,wmaccombe37@nbcnews.com,Female,GIS Technical Architect,3427.59
117,Torrance,Warnes,twarnes38@w3.org,Male,Clinical Specialist,1541.41
118,Lin,Rydzynski,lrydzynski39@statcounter.com,Male,Accountant III,6910.16
119,John,Edie,jedie3a@whitehouse.gov,Male,Design Engineer,3861.57
120,Robyn,Greaser,rgreaser3b@nymag.com,Female,Nuclear Power Engineer,8349.16
121,Lilli,Malt,lmalt3c@slideshare.net,Female,Help Desk Operator,3613.45
122,Gerrilee,Goning,ggoning3d@ovh.net,Female,Administrative Assistant I,2798.51
123,Lexi,Tarpey,ltarpey3e@va.gov,Female,Electrical Engineer,8934.50
124,Eustacia,Djurkovic,edjurkovic3f@apple.com,Female,Media Manager II,3411.47
125,Traver,Blaw,tblaw3g@princeton.edu,Male,VP Quality Control,7626.56
126,Di,Masser,dmasser3h@ebay.co.uk,Female,Speech Pathologist,7067.76
127,Wood,de Courcey,wdecourcey3i@ning.com,Male,Administrative Assistant I,7516.73
128,Joelly,Popworth,jpopworth3j@sbwire.com,Female,Occupational Therapist,2022.35
129,Domeniga,Setford,dsetford3k@mapy.cz,Female,Payment Adjustment Coordinator,9063.38
130,Shane,Meritt,smeritt3l@dell.com,Female,Assistant Professor,3691.64
131,Alick,Macconaghy,amacconaghy3m@posterous.com,Male,Help Desk Technician,1798.73
132,Alika,Guillem,aguillem3n@squidoo.com,Female,Actuary,9830.49
133,Chad,Maciaszczyk,cmaciaszczyk3o@si.edu,Male,Food Chemist,4453.92
134,Marlow,Petre,mpetre3p@istockphoto.com,Male,Senior Quality Engineer,6044.87
135,Ignatius,Bister,ibister3q@abc.net.au,Male,Registered Nurse,9094.71
136,Morna,Parkisson,mparkisson3r@nih.gov,Female,Media Manager IV,3828.44
137,Eduard,Cordaroy,ecordaroy3s@dagondesign.com,Male,Programmer Analyst II,9704.67
138,Ynez,Warrender,ywarrender3t@geocities.jp,Female,Librarian,9241.81
139,Lorianna,Dunnan,ldunnan3u@prweb.com,Female,Paralegal,1979.05
140,Dale,Blewis,dblewis3v@woothemes.com,Female,Staff Scientist,9334.86
141,Lilla,Franzetti,lfranzetti3w@tuttocitta.it,Female,VP Product Management,2046.22
142,Edith,Cohen,ecohen3x@wix.com,Female,Project Manager,1365.79
143,Neile,Samweyes,nsamweyes3y@marketwatch.com,Female,Teacher,6677.14
144,Maude,Udey,mudey3z@senate.gov,Female,GIS Technical Architect,6545.68
145,Kevyn,Vankin,kvankin40@java.com,Female,Chemical Engineer,2564.70
146,Hussein,Domotor,hdomotor41@wired.com,Male,Staff Accountant IV,4263.54
147,Humfrey,Mila,hmila42@nifty.com,Male,VP Accounting,1171.45
148,Shoshana,Shepherdson,sshepherdson43@ftc.gov,Female,Chief Design Engineer,7806.38
149,Francois,Schimpke,fschimpke44@bloomberg.com,Male,Statistician IV,8704.52
150,Con,Clorley,cclorley45@qq.com,Female,Help Desk Technician,6542.38
151,Cleon,Bentjens,cbentjens46@diigo.com,Male,Programmer I,2676.99
152,Ewell,McCleverty,emccleverty47@lycos.com,Male,Quality Control Specialist,7126.24
153,Rich,Pettifor,rpettifor48@wikia.com,Male,Web Designer III,8291.73
154,Pierette,Skakunas,pskakunas49@gravatar.com,Female,Civil Engineer,4658.87
155,Rene,Matyushonok,rmatyushonok4a@accuweather.com,Male,Staff Accountant II,3215.05
156,Raine,Venable,rvenable4b@ucsd.edu,Female,Structural Analysis Engineer,7800.33
157,Alanson,Ors,aors4c@gov.uk,Male,Human Resources Manager,2591.89
158,Sabrina,Challender,schallender4d@globo.com,Female,Marketing Manager,8363.60
159,Goddard,Ellif,gellif4e@tinyurl.com,Male,Health Coach IV,3575.60
160,Agata,Pummery,apummery4f@arizona.edu,Female,Account Coordinator,5796.10
161,Maurine,Derle,mderle4g@ihg.com,Female,Computer Systems Analyst I,8210.07
162,Bernelle,Florez,bflorez4h@wikimedia.org,Female,Financial Analyst,9847.94
163,Bronson,Osanne,bosanne4i@paginegialle.it,Male,Technical Writer,3338.87
164,Lexis,Tanzer,ltanzer4j@elegantthemes.com,Female,Assistant Media Planner,3846.48
165,Sergent,Bourdice,sbourdice4k@moonfruit.com,Male,Librarian,6376.59
166,Regen,Blampy,rblampy4l@linkedin.com,Male,Associate Professor,9633.79
167,Waneta,Stroder,wstroder4m@boston.com,Female,Food Chemist,3506.56
168,Zollie,Kroon,zkroon4n@dedecms.com,Male,Health Coach III,6454.29
169,Abby,Bayman,abayman4o@cam.ac.uk,Male,Software Engineer IV,8128.99
170,Karole,Pontefract,kpontefract4p@behance.net,Female,Tax Accountant,4759.39
171,Rozele,Espinet,respinet4q@wordpress.com,Female,Food Chemist,4827.82
172,Hedy,Corzor,hcorzor4r@independent.co.uk,Female,Sales Associate,2343.24
173,Guinna,Whittlesey,gwhittlesey4s@oracle.com,Female,Director of Sales,9416.81
174,Nollie,Caso,ncaso4t@google.com,Female,Account Executive,7224.46
175,Kirk,Heinsh,kheinsh4u@furl.net,Male,Professor,5539.14
176,Brannon,Ballintime,bballintime4v@twitpic.com,Male,Structural Engineer,2789.71
177,Waldon,Shalders,wshalders4w@reverbnation.com,Male,Administrative Assistant I,8835.28
178,Parsifal,Huskisson,phuskisson4x@huffingtonpost.com,Male,Cost Accountant,7535.87
179,Tiffy,Sink,tsink4y@latimes.com,Female,Business Systems Development Analyst,7842.96
180,Jessi,Lindenstrauss,jlindenstrauss4z@gizmodo.com,Female,Administrative Officer,2347.97
181,Rubia,Tocque,rtocque50@shinystat.com,Female,VP Accounting,7127.05
182,Tyrus,Mitford,tmitford51@amazon.com,Male,Database Administrator I,9075.54
183,Molli,Thickens,mthickens52@mayoclinic.com,Female,Sales Representative,6297.78
184,Ricardo,Verbeek,rverbeek53@springer.com,Male,VP Quality Control,3624.98
185,Lorraine,Broggio,lbroggio54@howstuffworks.com,Female,Nurse,6762.49
186,Clarissa,Loddy,cloddy55@craigslist.org,Female,Speech Pathologist,5116.01
187,Euphemia,Lockery,elockery56@fc2.com,Female,Marketing Assistant,3708.79
188,Clea,Picot,cpicot57@wordpress.com,Female,Director of Sales,5613.17
189,Roman,McIlherran,rmcilherran58@wordpress.com,Male,Database Administrator IV,9510.17
190,Adriana,Delnevo,adelnevo59@senate.gov,Female,Senior Cost Accountant,1112.57
191,Penn,Halesworth,phalesworth5a@sogou.com,Male,Software Consultant,2477.58
192,Bobbye,McNeilley,bmcneilley5b@fc2.com,Female,Financial Analyst,8114.66
193,Burke,Cassar,bcassar5c@cmu.edu,Male,Web Developer II,3616.89
194,Susy,Costell,scostell5d@abc.net.au,Female,Help Desk Technician,1640.09
195,Vaclav,Pantlin,vpantlin5e@blinklist.com,Male,Mechanical Systems Engineer,7075.52
196,Deanna,Castangia,dcastangia5f@photobucket.com,Female,Software Consultant,7504.81
197,Giorgi,Geeritz,ggeeritz5g@drupal.org,Male,VP Product Management,3928.52
198,Ado,Heinicke,aheinicke5h@nba.com,Male,Statistician III,6750.55
199,Thorn,Mettetal,tmettetal5i@mtv.com,Male,Civil Engineer,8327.41
200,Fowler,Clixby,fclixby5j@slideshare.net,Male,VP Marketing,1651.63
201,Urban,Mundell,umundell5k@tinypic.com,Male,Food Chemist,6674.69
202,Pru,Varndall,pvarndall5l@ucoz.com,Female,Database Administrator IV,7050.17
203,Garret,Swanborough,gswanborough5m@shutterfly.com,Male,Registered Nurse,5480.18
204,Angy,Abadam,aabadam5n@indiegogo.com,Female,VP Accounting,8029.84
205,Cathrin,Phittiplace,cphittiplace5o@uol.com.br,Female,Associate Professor,1480.98
206,Joe,Keward,jkeward5p@yelp.com,Male,Sales Associate,7639.08
207,Jasmin,Avent,javent5q@yahoo.com,Female,VP Sales,1856.47
208,Annnora,Castan,acastan5r@bravesites.com,Female,Marketing Manager,7704.58
209,Maressa,Headly,mheadly5s@goo.ne.jp,Female,Pharmacist,6976.70
210,Garrik,Sein,gsein5t@youtu.be,Male,Quality Control Specialist,6614.30
211,Maurizia,Diemer,mdiemer5u@hc360.com,Female,Senior Cost Accountant,3610.22
212,Darcy,Conechie,dconechie5v@mail.ru,Male,Assistant Media Planner,1739.50
213,Nolly,Trice,ntrice5w@toplist.cz,Male,Associate Professor,6354.81
214,Ramsey,Finlator,rfinlator5x@shutterfly.com,Male,Business Systems Development Analyst,4870.14
215,Pandora,Sheering,psheering5y@tuttocitta.it,Female,Nurse Practicioner,7976.58
216,Rennie,Duker,rduker5z@npr.org,Female,VP Sales,7649.54
217,Sonnie,Salzberger,ssalzberger60@prlog.org,Male,Project Manager,7490.23
218,Willa,Burnard,wburnard61@ox.ac.uk,Female,Director of Sales,5994.98
219,Morgen,Wickins,mwickins62@miitbeian.gov.cn,Female,VP Sales,9637.47
220,Rutter,Swindlehurst,rswindlehurst63@nydailynews.com,Male,Design Engineer,3903.72
221,Port,Ratter,pratter64@yahoo.co.jp,Male,Web Developer I,7769.56
222,Ingeberg,Wharf,iwharf65@auda.org.au,Female,Pharmacist,1864.11
223,Leroy,Dussy,ldussy66@indiatimes.com,Male,Junior Executive,8421.55
224,Lynett,Nineham,lnineham67@msu.edu,Female,Financial Analyst,4549.59
225,Kathleen,Grime,kgrime68@ibm.com,Female,Human Resources Manager,2419.11
226,Iosep,Heliet,iheliet69@tiny.cc,Male,Safety Technician IV,8230.10
227,Jeane,Tattersall,jtattersall6a@fc2.com,Female,Dental Hygienist,1486.79
228,Rand,Fadden,rfadden6b@yellowbook.com,Male,Programmer Analyst IV,5655.09
229,Morey,Nazareth,mnazareth6c@arizona.edu,Male,Associate Professor,5984.08
230,Gwenora,Jewson,gjewson6d@parallels.com,Female,Nuclear Power Engineer,3090.32
231,Dewain,Kellegher,dkellegher6e@ocn.ne.jp,Male,Tax Accountant,7847.34
232,Siffre,Guerrin,sguerrin6f@google.ru,Male,Mechanical Systems Engineer,9193.83
233,Chelsie,Danher,cdanher6g@imdb.com,Female,Human Resources Manager,8902.81
234,Manny,Iiannone,miiannone6h@jiathis.com,Male,Assistant Media Planner,1744.73
235,Dell,Oneile,doneile6i@wired.com,Male,Office Assistant I,7462.26
236,Louella,Pilmore,lpilmore6j@pagesperso-orange.fr,Female,Budget/Accounting Analyst II,9935.63
237,Christie,MacCosty,cmaccosty6k@cyberchimps.com,Female,Junior Executive,3937.65
238,Corena,Mucci,cmucci6l@clickbank.net,Female,Statistician II,4004.37
239,Corie,Leyson,cleyson6m@europa.eu,Female,Occupational Therapist,4865.07
240,Abel,Imrie,aimrie6n@xinhuanet.com,Male,Media Manager III,1622.39
241,Bruce,Gommery,bgommery6o@google.ru,Male,Project Manager,1556.69
242,Eldin,Baldin,ebaldin6p@cornell.edu,Male,Desktop Support Technician,5406.82
243,Kienan,Napper,knapper6q@state.tx.us,Male,Tax Accountant,9603.80
244,Any,Abley,aabley6r@vinaora.com,Male,Tax Accountant,8139.81
245,Godfry,Skepper,gskepper6s@ebay.co.uk,Male,Human Resources Manager,8572.73
246,Fayina,Ealam,fealam6t@behance.net,Female,VP Product Management,3992.61
247,Lydon,Cruden,lcruden6u@reddit.com,Male,Database Administrator II,3372.52
248,Yancy,Tucknutt,ytucknutt6v@census.gov,Male,Human Resources Assistant II,2382.54
249,Kalina,Kewzick,kkewzick6w@ebay.com,Female,Desktop Support Technician,9981.31
250,Randie,Gove,rgove6x@hubpages.com,Female,Environmental Tech,9430.01
251,Vincents,Shackleton,vshackleton6y@lycos.com,Male,Internal Auditor,3052.26
252,Yancey,Aikett,yaikett6z@tripadvisor.com,Male,Paralegal,5244.53
253,Lesley,Wonfar,lwonfar70@google.es,Male,Programmer III,5339.67
254,Crystal,Leisman,cleisman71@merriam-webster.com,Female,Marketing Assistant,7645.10
255,Rancell,Janjic,rjanjic72@disqus.com,Male,Administrative Assistant II,8369.03
256,Kevan,Haill,khaill73@telegraph.co.uk,Male,Administrative Officer,2800.83
257,Raleigh,Kensett,rkensett74@facebook.com,Male,Technical Writer,2084.35
258,Muhammad,Antuk,mantuk75@wiley.com,Male,Account Executive,4207.21
259,Ervin,Grinnikov,egrinnikov76@webmd.com,Male,Cost Accountant,8587.17
260,Bronson,Cotterel,bcotterel77@4shared.com,Male,Quality Control Specialist,1174.84
261,Barry,McPaik,bmcpaik78@1und1.de,Female,Senior Editor,9852.99
262,Shana,Cuxson,scuxson79@edublogs.org,Female,Financial Advisor,9698.39
263,Welby,Moggie,wmoggie7a@aol.com,Male,Desktop Support Technician,2485.67
264,Felita,Axford,faxford7b@dagondesign.com,Female,Internal Auditor,3851.64
265,Ravid,Zahor,rzahor7c@bandcamp.com,Male,Clinical Specialist,1244.72
266,Melessa,De Bischop,mdebischop7d@prlog.org,Female,General Manager,5286.67
267,Zak,Tradewell,ztradewell7e@hc360.com,Male,Editor,7112.85
268,Melinde,Guiett,mguiett7f@go.com,Female,Marketing Manager,2350.13
269,Francesco,Gollard,fgollard7g@state.tx.us,Male,Human Resources Assistant IV,4284.56
270,Vivie,Atteridge,vatteridge7h@yandex.ru,Female,Web Developer II,9843.54
271,Francois,Wharmby,fwharmby7i@prweb.com,Male,Information Systems Manager,9459.85
272,Hannie,Rulten,hrulten7j@1und1.de,Female,Occupational Therapist,3281.44
273,Dodie,McGeachy,dmcgeachy7k@ask.com,Female,Nuclear Power Engineer,8180.18
274,Myrna,Ivons,mivons7l@craigslist.org,Female,Junior Executive,3243.59
275,Sollie,Covert,scovert7m@printfriendly.com,Male,Quality Engineer,1830.07
276,Aveline,Foffano,afoffano7n@zdnet.com,Female,Geologist IV,4142.64
277,Douglass,Cameli,dcameli7o@desdev.cn,Male,Administrative Assistant IV,2948.52
278,Isidoro,Blakebrough,iblakebrough7p@gov.uk,Male,Associate Professor,6601.21
279,Xerxes,Savine,xsavine7q@g.co,Male,Help Desk Technician,4318.04
280,Ashley,Pearcey,apearcey7r@sina.com.cn,Female,Junior Executive,1719.94
281,Jackelyn,Gatty,jgatty7s@wikimedia.org,Female,Nurse,5229.19
282,Rudolfo,Breddy,rbreddy7t@epa.gov,Male,VP Sales,9512.63
283,Sherman,Bunner,sbunner7u@multiply.com,Male,Administrative Officer,8837.72
284,Cybill,Cakes,ccakes7v@technorati.com,Female,Assistant Professor,7216.75
285,Teddy,Beldam,tbeldam7w@bloglines.com,Male,Clinical Specialist,7662.36
286,Cloe,Barton,cbarton7x@privacy.gov.au,Female,Marketing Assistant,9561.90
287,Dore,Vearnals,dvearnals7y@hud.gov,Female,Automation Specialist I,1730.57
288,Adrian,Wimmer,awimmer7z@google.pl,Female,Editor,7049.86
289,Ardene,Crispin,acrispin80@technorati.com,Female,Marketing Manager,6882.68
290,Nanice,Mountain,nmountain81@etsy.com,Female,Health Coach III,8984.75
291,Felizio,Stanett,fstanett82@infoseek.co.jp,Male,Environmental Tech,1816.26
292,Anna-maria,Pitts,apitts83@apache.org,Female,Technical Writer,8233.23
293,Felice,Fanshaw,ffanshaw84@mozilla.com,Male,Marketing Assistant,2842.51
294,Davine,Casserly,dcasserly85@mysql.com,Female,Pharmacist,5026.92
295,James,Pond-Jones,jpondjones86@go.com,Male,Professor,6577.04
296,Lewie,Strippel,lstrippel87@behance.net,Male,Analog Circuit Design manager,3672.43
297,Cortie,Hanrahan,chanrahan88@wiley.com,Male,Payment Adjustment Coordinator,2186.97
298,Shir,Collingdon,scollingdon89@ameblo.jp,Female,Geological Engineer,7515.74
299,Humberto,Alvis,halvis8a@timesonline.co.uk,Male,Research Assistant IV,1618.45
300,Marshall,Seaborne,mseaborne8b@columbia.edu,Male,GIS Technical Architect,2059.66
301,Sunny,McCome,smccome8c@accuweather.com,Male,Administrative Officer,4206.46
302,Tedman,Pellamonuten,tpellamonuten8d@wikispaces.com,Male,Biostatistician III,6228.20
303,Cairistiona,Gullick,cgullick8e@altervista.org,Female,Senior Quality Engineer,1385.31
304,Minnie,Deakes,mdeakes8f@soundcloud.com,Female,Assistant Manager,7555.75
305,Ignace,Halbeard,ihalbeard8g@walmart.com,Male,Sales Associate,2323.00
306,Timmie,Marchbank,tmarchbank8h@shutterfly.com,Female,Pharmacist,2320.63
307,Valry,Dinan,vdinan8i@usatoday.com,Female,VP Quality Control,3065.20
308,Victoria,Wasling,vwasling8j@arizona.edu,Female,VP Product Management,6641.82
309,Shaine,Debill,sdebill8k@csmonitor.com,Female,Operator,2904.96
310,Raddie,Forrest,rforrest8l@about.me,Male,Safety Technician IV,4845.13
311,Quintilla,Thomel,qthomel8m@narod.ru,Female,Help Desk Operator,2953.79
312,Allie,Demcik,ademcik8n@mozilla.org,Male,GIS Technical Architect,1633.20
313,Desmond,Gwinnel,dgwinnel8o@youtu.be,Male,Director of Sales,3590.42
314,Isidor,Bullers,ibullers8p@ovh.net,Male,Tax Accountant,4828.58
315,Berne,Geaveny,bgeaveny8q@ca.gov,Male,Web Developer IV,4244.84
316,Arnaldo,Wolland,awolland8r@printfriendly.com,Male,VP Quality Control,6593.32
317,Goober,Pickworth,gpickworth8s@themeforest.net,Male,Software Engineer II,6732.45
318,Tamera,Kerwen,tkerwen8t@wufoo.com,Female,Junior Executive,8313.63
319,Rem,Kevane,rkevane8u@yahoo.co.jp,Male,Systems Administrator IV,4020.72
320,Daile,Nissle,dnissle8v@flavors.me,Female,Director of Sales,5553.86
321,Nicolai,Gingles,ngingles8w@barnesandnoble.com,Male,Software Engineer III,5846.22
322,Elli,Oddie,eoddie8x@51.la,Female,Junior Executive,3720.73
323,Willi,Jeavons,wjeavons8y@blogtalkradio.com,Male,Assistant Media Planner,4486.24
324,Eryn,Matura,ematura8z@cbsnews.com,Female,Nurse Practicioner,7402.96
325,Willem,Darrach,wdarrach90@cornell.edu,Male,Senior Quality Engineer,1561.18
326,Daven,Soffe,dsoffe91@jalbum.net,Male,Technical Writer,9185.04
327,Augustine,Canacott,acanacott92@digg.com,Female,Senior Financial Analyst,9072.44
328,Catharina,Leathe,cleathe93@deviantart.com,Female,Nurse,3967.61
329,Port,Pieche,ppieche94@mit.edu,Male,Automation Specialist III,6802.36
330,Shani,Blaisdale,sblaisdale95@ox.ac.uk,Female,Paralegal,1937.85
331,Traci,Dyton,tdyton96@netlog.com,Female,Geologist I,9974.08
332,Guy,Bruster,gbruster97@dion.ne.jp,Male,VP Marketing,1434.47
333,Filmer,Ghilardi,fghilardi98@msu.edu,Male,Recruiting Manager,4311.49
334,Dore,Keighley,dkeighley99@mashable.com,Female,Help Desk Technician,8418.38
335,Kimmy,Barnwall,kbarnwall9a@bbb.org,Female,Clinical Specialist,3083.02
336,Welby,Burrell,wburrell9b@google.ca,Male,Programmer Analyst III,5517.39
337,Willi,Geddes,wgeddes9c@un.org,Male,Executive Secretary,7425.00
338,Ros,Allan,rallan9d@liveinternet.ru,Female,Software Test Engineer I,5730.22
339,Hadlee,Rizzotto,hrizzotto9e@ca.gov,Male,Physical Therapy Assistant,7558.93
340,Adorne,Dorcey,adorcey9f@mac.com,Female,Recruiting Manager,4008.20
341,Vic,Brainsby,vbrainsby9g@cbslocal.com,Male,Analyst Programmer,5441.62
342,Terri,Danzig,tdanzig9h@nps.gov,Male,Financial Advisor,5098.95
343,Dar,Pardoe,dpardoe9i@networkadvertising.org,Male,Senior Financial Analyst,6524.91
344,Urban,de Keep,udekeep9j@wordpress.com,Male,Accounting Assistant II,5220.70
345,Davina,Lippingwell,dlippingwell9k@virginia.edu,Female,Recruiter,4157.28
346,Durand,Tuffell,dtuffell9l@usda.gov,Male,Research Associate,1364.41
347,Jeremie,Salters,jsalters9m@paginegialle.it,Male,Research Associate,2837.88
348,Nettie,Le febre,nlefebre9n@wikia.com,Female,Project Manager,7950.43
349,Mikaela,Denziloe,mdenziloe9o@freewebs.com,Female,VP Accounting,8099.65
350,Corilla,Duffill,cduffill9p@state.gov,Female,Speech Pathologist,5102.01
351,Sandi,Peeters,speeters9q@zimbio.com,Female,Business Systems Development Analyst,2166.39
352,Ilise,Schott,ischott9r@nymag.com,Female,Financial Advisor,6313.17
353,Sandro,Torrans,storrans9s@cyberchimps.com,Male,Editor,6102.56
354,Ulberto,Tavinor,utavinor9t@opensource.org,Male,Account Executive,7760.57
355,Anna-diane,Rainbow,arainbow9u@nytimes.com,Female,Safety Technician IV,7933.83
356,Deana,Bottrell,dbottrell9v@tinypic.com,Female,Programmer Analyst I,3887.49
357,Layla,Santori,lsantori9w@google.com.hk,Female,Accounting Assistant II,4832.36
358,Lorena,Letessier,lletessier9x@scientificamerican.com,Female,Computer Systems Analyst II,9070.85
359,Dorice,Giacoboni,dgiacoboni9y@meetup.com,Female,Chemical Engineer,2309.69
360,Rolf,Hearon,rhearon9z@theglobeandmail.com,Male,Paralegal,4114.18
361,Eben,Ridesdale,eridesdalea0@japanpost.jp,Male,Food Chemist,8076.75
362,Magda,Jellicorse,mjellicorsea1@deviantart.com,Female,Quality Control Specialist,1876.66
363,Stacee,Pothecary,spothecarya2@intel.com,Male,Geological Engineer,5952.98
364,Vicky,Jewell,vjewella3@arizona.edu,Female,Engineer I,4061.39
365,Ariella,Pettegre,apettegrea4@yolasite.com,Female,Developer IV,7466.19
366,Menard,Grimwade,mgrimwadea5@over-blog.com,Male,Engineer I,9246.97
367,Hamlin,Howse,hhowsea6@nature.com,Male,Legal Assistant,3671.57
368,Buddie,Bithell,bbithella7@free.fr,Male,Legal Assistant,8954.14
369,Lucky,Kock,lkocka8@sciencedaily.com,Female,Compensation Analyst,8105.25
370,Jami,Maddigan,jmaddigana9@slideshare.net,Female,Geological Engineer,9862.81
371,Jarad,Willwood,jwillwoodaa@ted.com,Male,Editor,8758.39
372,Westbrook,Huntress,whuntressab@dagondesign.com,Male,Occupational Therapist,8147.38
373,Candide,Browett,cbrowettac@surveymonkey.com,Female,Social Worker,1596.17
374,Chloris,Jesson,cjessonad@acquirethisname.com,Female,Structural Engineer,7642.66
375,Duffy,Tiebe,dtiebeae@tuttocitta.it,Male,Executive Secretary,7628.69
376,Dag,Cropper,dcropperaf@illinois.edu,Male,Desktop Support Technician,8120.12
377,Hewe,Cotmore,hcotmoreag@nature.com,Male,Tax Accountant,7369.63
378,Costanza,Lunn,clunnah@seesaa.net,Female,Compensation Analyst,6450.75
379,Filia,Spinozzi,fspinozziai@about.me,Female,Staff Accountant I,1570.58
380,Saxon,Rope,sropeaj@etsy.com,Male,Human Resources Assistant IV,9395.15
381,Shurlock,Colbron,scolbronak@netlog.com,Male,GIS Technical Architect,9573.84
382,Adolpho,Feacham,afeachamal@is.gd,Male,Paralegal,4517.91
383,Emlen,Sprasen,esprasenam@go.com,Male,VP Sales,9011.51
384,Madelyn,Gray,mgrayan@microsoft.com,Female,Technical Writer,4404.84
385,Henka,Burgin,hburginao@moonfruit.com,Female,Nurse Practicioner,3397.25
386,Virginia,Rash,vrashap@tiny.cc,Female,Project Manager,3703.22
387,Verina,Lintot,vlintotaq@sun.com,Female,Sales Representative,1634.72
388,Iorgos,Dicker,idickerar@meetup.com,Male,Senior Developer,5498.91
389,Salim,Sibyllina,ssibyllinaas@ihg.com,Male,Business Systems Development Analyst,5182.80
390,Mohandas,Grigolon,mgrigolonat@europa.eu,Male,Senior Cost Accountant,4677.31
391,Jeanette,Plover,jploverau@deliciousdays.com,Female,VP Quality Control,4924.11
392,Winston,Calvie,wcalvieav@oaic.gov.au,Male,Junior Executive,1891.96
393,Wolfgang,Sigert,wsigertaw@clickbank.net,Male,General Manager,9793.61
394,Skippy,Stitcher,sstitcherax@usnews.com,Male,Senior Quality Engineer,5740.53
395,Tony,Colliard,tcolliarday@wikimedia.org,Male,Data Coordiator,4642.18
396,Suzi,Antognoni,santognoniaz@upenn.edu,Female,Director of Sales,8117.61
397,Gloria,Burkert,gburkertb0@comsenz.com,Female,Environmental Tech,8537.26
398,Babita,Greensted,bgreenstedb1@comsenz.com,Female,Cost Accountant,9381.83
399,Ermina,McDell,emcdellb2@livejournal.com,Female,Software Engineer III,6505.87
400,Mirabel,Ravenhill,mravenhillb3@sphinn.com,Female,Structural Engineer,4951.04
401,Ange,Creaney,acreaneyb4@cocolog-nifty.com,Male,Research Assistant I,5106.49
402,Mackenzie,Lyttle,mlyttleb5@plala.or.jp,Male,Analyst Programmer,1578.33
403,Creighton,Hendin,chendinb6@prweb.com,Male,General Manager,1111.51
404,Abbey,Melding,ameldingb7@mlb.com,Male,Accountant III,4654.43
405,Clerissa,Heasly,cheaslyb8@e-recht24.de,Female,Help Desk Technician,3281.17
406,Addia,Rawdales,arawdalesb9@smugmug.com,Female,Associate Professor,9067.71
407,Lusa,McTaggart,lmctaggartba@sohu.com,Female,Account Executive,6192.20
408,Bradley,Wintersgill,bwintersgillbb@zdnet.com,Male,Senior Editor,8903.32
409,Ciro,O'Cahsedy,cocahsedybc@wikimedia.org,Male,Assistant Manager,3451.01
410,Aline,Challiner,achallinerbd@tinyurl.com,Female,Financial Advisor,6255.79
411,Konstantine,Evetts,kevettsbe@sakura.ne.jp,Male,Speech Pathologist,7558.13
412,Sigismund,Dewbury,sdewburybf@thetimes.co.uk,Male,Food Chemist,7926.91
413,Natalie,Polding,npoldingbg@mediafire.com,Female,Paralegal,4090.81
414,Arly,Claridge,aclaridgebh@elpais.com,Female,Senior Cost Accountant,5969.96
415,Aile,Brosel,abroselbi@wikipedia.org,Female,Recruiter,1638.44
416,Nicholas,Creebo,ncreebobj@rambler.ru,Male,Junior Executive,1397.17
417,Kelsi,Hundell,khundellbk@elpais.com,Female,Legal Assistant,8368.61
418,Ransell,Bucklan,rbucklanbl@nps.gov,Male,Social Worker,6199.08
419,Dewitt,Hoff,dhoffbm@yandex.ru,Male,Dental Hygienist,4016.93
420,Bella,Surmeyers,bsurmeyersbn@intel.com,Female,Help Desk Technician,2465.57
421,Noak,Raisher,nraisherbo@pbs.org,Male,Quality Control Specialist,3740.94
422,Daune,Jurewicz,djurewiczbp@networkadvertising.org,Female,Electrical Engineer,2233.96
423,Nan,Rowan,nrowanbq@slashdot.org,Female,Chemical Engineer,7006.32
424,Sharity,Caress,scaressbr@umn.edu,Female,Quality Engineer,2531.42
425,Rochelle,Neve,rnevebs@wix.com,Female,Data Coordiator,9672.27
426,Lila,Rawlence,lrawlencebt@bigcartel.com,Female,Accounting Assistant III,3245.46
427,Nanice,Huntingdon,nhuntingdonbu@mit.edu,Female,Budget/Accounting Analyst I,7752.12
428,Steward,Inggall,singgallbv@hexun.com,Male,General Manager,2050.65
429,Sharline,Nyland,snylandbw@discovery.com,Female,Pharmacist,8014.19
430,Fleming,Jereatt,fjereattbx@amazonaws.com,Male,Developer I,3758.51
431,Vinni,Willshire,vwillshireby@elegantthemes.com,Female,Librarian,8539.73
432,Zarla,Mockler,zmocklerbz@google.com,Female,Research Assistant IV,7095.97
433,Husein,Hearnes,hhearnesc0@chron.com,Male,Software Consultant,3860.00
434,Virgie,Fitzroy,vfitzroyc1@storify.com,Male,Help Desk Technician,7937.21
435,Aldon,Gabel,agabelc2@delicious.com,Male,Media Manager IV,5943.34
436,Heidi,Sloey,hsloeyc3@chronoengine.com,Female,Physical Therapy Assistant,3049.01
437,Sully,Langwade,slangwadec4@last.fm,Male,Web Designer IV,6339.63
438,Daphene,Reford,drefordc5@dot.gov,Female,Tax Accountant,4993.68
439,Clarine,Adamovitch,cadamovitchc6@webmd.com,Female,Data Coordiator,5400.68
440,Worthington,Minshaw,wminshawc7@csmonitor.com,Male,Account Representative IV,5115.78
441,Siusan,Furber,sfurberc8@twitpic.com,Female,Payment Adjustment Coordinator,4281.42
442,Lizbeth,Boncoeur,lboncoeurc9@msn.com,Female,Nuclear Power Engineer,6168.30
443,Timothee,Rumbellow,trumbellowca@webs.com,Male,Accounting Assistant IV,4076.55
444,Coleman,Van Arsdale,cvanarsdalecb@wikimedia.org,Male,Budget/Accounting Analyst III,7277.14
445,Minnaminnie,Wreath,mwreathcc@hibu.com,Female,Data Coordiator,9486.88
446,Liam,Byrde,lbyrdecd@harvard.edu,Male,Environmental Specialist,5371.43
447,Chadd,Beccera,cbeccerace@sphinn.com,Male,VP Quality Control,8532.48
448,Sile,McCook,smccookcf@drupal.org,Female,Web Designer III,7134.40
449,Markos,Lavin,mlavincg@xrea.com,Male,Software Test Engineer II,6701.29
450,Waylon,Mimmack,wmimmackch@prweb.com,Male,Cost Accountant,5190.21
451,Griswold,Rowesby,growesbyci@mit.edu,Male,Nuclear Power Engineer,8892.83
452,Upton,Bisgrove,ubisgrovecj@pbs.org,Male,VP Quality Control,9871.23
453,Eward,Earles,eearlesck@timesonline.co.uk,Male,Programmer IV,8689.40
454,Nicky,McMillam,nmcmillamcl@is.gd,Female,Chemical Engineer,9186.29
455,Reynold,Whistlecroft,rwhistlecroftcm@marriott.com,Male,Assistant Professor,7247.62
456,Milena,Iwanicki,miwanickicn@unicef.org,Female,Legal Assistant,2256.28
457,Ravid,Firpo,rfirpoco@bloomberg.com,Male,Analyst Programmer,5142.89
458,Pietra,Michelle,pmichellecp@addthis.com,Female,Senior Sales Associate,4480.33
459,Ozzy,Rodway,orodwaycq@cbsnews.com,Male,Desktop Support Technician,9194.05
460,Margarette,Stollberg,mstollbergcr@prnewswire.com,Female,Staff Accountant II,6550.94
461,Luisa,Weekley,lweekleycs@toplist.cz,Female,Budget/Accounting Analyst I,1074.57
462,Gabbey,Storck,gstorckct@cnn.com,Female,Engineer IV,2807.16
463,Davis,Stansell,dstansellcu@kickstarter.com,Male,Assistant Media Planner,2220.99
464,Brucie,Chree,bchreecv@bigcartel.com,Male,Technical Writer,1433.68
465,Cirillo,Culcheth,cculchethcw@mediafire.com,Male,Compensation Analyst,2957.44
466,Reagen,Surcomb,rsurcombcx@qq.com,Male,Speech Pathologist,8780.76
467,Jephthah,Doorbar,jdoorbarcy@fema.gov,Male,Automation Specialist IV,7034.48
468,Yule,Dinsdale,ydinsdalecz@state.tx.us,Male,Human Resources Manager,1700.23
469,Latrena,O'Hdirscoll,lohdirscolld0@slashdot.org,Female,Safety Technician I,9454.26
470,Lynnett,McClinton,lmcclintond1@unesco.org,Female,Statistician II,9678.88
471,Marysa,Switzer,mswitzerd2@1und1.de,Female,Geological Engineer,4282.52
472,Georgy,Vinter,gvinterd3@merriam-webster.com,Male,Senior Quality Engineer,6615.52
473,Lizette,Meneely,lmeneelyd4@chronoengine.com,Female,Design Engineer,3474.21
474,Cobbie,Lethcoe,clethcoed5@noaa.gov,Male,Senior Financial Analyst,3509.17
475,Cob,McMurdo,cmcmurdod6@cisco.com,Male,Graphic Designer,8463.01
476,Antin,Baccus,abaccusd7@columbia.edu,Male,Marketing Assistant,1401.09
477,Eddi,Claris,eclarisd8@freewebs.com,Female,Business Systems Development Analyst,3433.96
478,Darren,Lezemere,dlezemered9@rakuten.co.jp,Male,Payment Adjustment Coordinator,3020.64
479,Krisha,Vasyunin,kvasyuninda@discovery.com,Male,Staff Scientist,1008.49
480,Svend,Suffield,ssuffielddb@economist.com,Male,Marketing Assistant,8319.97
481,Sheba,Harverson,sharversondc@ovh.net,Female,Computer Systems Analyst IV,8847.31
482,Kincaid,Marshallsay,kmarshallsaydd@vkontakte.ru,Male,Tax Accountant,8494.03
483,Genna,O' Borne,gobornede@zimbio.com,Female,Analog Circuit Design manager,8424.62
484,Connie,Adger,cadgerdf@rakuten.co.jp,Female,Analyst Programmer,8243.41
485,Ario,Bow,abowdg@gnu.org,Male,Structural Analysis Engineer,4839.82
486,Lynsey,Orta,lortadh@guardian.co.uk,Female,Media Manager IV,1354.93
487,Darline,Hansie,dhansiedi@elegantthemes.com,Female,Structural Analysis Engineer,3472.67
488,Shara,Ilyuchyov,silyuchyovdj@usnews.com,Female,Software Engineer II,9937.89
489,Temp,Fryman,tfrymandk@godaddy.com,Male,Office Assistant III,8312.13
490,Charis,MacClinton,cmacclintondl@barnesandnoble.com,Female,Geological Engineer,7320.90
491,Hannie,Rizzolo,hrizzolodm@nih.gov,Female,Help Desk Operator,6649.31
492,Kaiser,Dolan,kdolandn@pcworld.com,Male,Librarian,1366.10
493,Lezley,Middlebrook,lmiddlebrookdo@google.it,Male,Payment Adjustment Coordinator,6753.36
494,Sofie,Yanyushkin,syanyushkindp@wordpress.com,Female,Assistant Manager,5887.87
495,Ivar,Pitblado,ipitbladodq@gov.uk,Male,Chemical Engineer,7425.86
496,Moreen,Magnar,mmagnardr@jiathis.com,Female,Analyst Programmer,9438.31
497,Clare,Rudkin,crudkinds@zdnet.com,Female,Automation Specialist II,4219.22
498,Hillary,Blinkhorn,hblinkhorndt@purevolume.com,Male,Assistant Manager,7476.17
499,Vincents,Burnep,vburnepdu@example.com,Male,Nurse,7399.54
500,Jerri,Kingscote,jkingscotedv@bizjournals.com,Male,Recruiting Manager,8376.31
501,Brandy,Sollner,bsollnerdw@wiley.com,Female,Financial Advisor,5854.24
502,Charline,Pape,cpapedx@nature.com,Female,Speech Pathologist,1598.93
503,Hetti,Decaze,hdecazedy@squidoo.com,Female,Web Designer IV,8534.81
504,Caddric,Heathcott,cheathcottdz@umich.edu,Male,Physical Therapy Assistant,7062.64
505,Paulina,De Michetti,pdemichettie0@constantcontact.com,Female,Associate Professor,7270.63
506,Nicol,Beaze,nbeazee1@utexas.edu,Male,Help Desk Operator,3787.75
507,Ivor,Bool,iboole2@drupal.org,Male,Help Desk Technician,6676.53
508,Kareem,Tosney,ktosneye3@networksolutions.com,Male,Staff Accountant III,1333.23
509,Joyan,Withey,jwitheye4@unblog.fr,Female,Health Coach I,3082.80
510,Winfred,Pennington,wpenningtone5@msu.edu,Male,Desktop Support Technician,4669.18
511,Cheston,Auston,caustone6@imdb.com,Male,Senior Developer,9338.93
512,Raven,Pietrasik,rpietrasike7@ning.com,Female,Senior Sales Associate,9805.03
513,Drucy,Sarvar,dsarvare8@exblog.jp,Female,Safety Technician I,4313.68
514,Bruce,Buckberry,bbuckberrye9@fastcompany.com,Male,Design Engineer,3156.01
515,Ashly,Hayes,ahayesea@weebly.com,Female,Physical Therapy Assistant,1558.67
516,Selene,MacRanald,smacranaldeb@php.net,Female,Marketing Assistant,1501.02
517,Patricio,Stovell,pstovellec@ucsd.edu,Male,Assistant Media Planner,8840.19
518,Rhianna,Wrinch,rwrinched@comsenz.com,Female,Nuclear Power Engineer,8545.87
519,Sunny,Bilby,sbilbyee@desdev.cn,Female,Junior Executive,2082.74
520,Ange,Lampard,alampardef@accuweather.com,Female,VP Marketing,2709.02
521,Shelli,Arkill,sarkilleg@tinypic.com,Female,VP Product Management,2602.69
522,Irving,Radborn,iradborneh@telegraph.co.uk,Male,Biostatistician IV,4551.26
523,Richart,Yurocjkin,ryurocjkinei@deviantart.com,Male,Accounting Assistant II,3813.45
524,Sayres,Colleck,scolleckej@answers.com,Male,Research Assistant I,7722.34
525,Corette,Moylan,cmoylanek@bloomberg.com,Female,Senior Editor,3444.99
526,Kerry,Knox,kknoxel@home.pl,Female,Software Consultant,8228.51
527,Shel,Jentzsch,sjentzschem@de.vu,Female,Compensation Analyst,4583.89
528,Lev,Fleeming,lfleemingen@phoca.cz,Male,Associate Professor,3743.80
529,Hanson,McIlwrick,hmcilwrickeo@phoca.cz,Male,Recruiter,2103.32
530,Cassie,Beswick,cbeswickep@gov.uk,Female,Recruiting Manager,3961.58
531,Adora,Vernham,avernhameq@go.com,Female,Programmer Analyst IV,8965.42
532,Nicola,Fearnall,nfearnaller@oaic.gov.au,Female,Physical Therapy Assistant,6759.82
533,Andree,Lauderdale,alauderdalees@businesswire.com,Female,Media Manager II,5403.79
534,Dian,Haburne,dhaburneet@opera.com,Female,Developer IV,2508.68
535,Vickie,Gaitley,vgaitleyeu@free.fr,Female,Food Chemist,7878.87
536,Fitz,Meriet,fmerietev@blogs.com,Male,Clinical Specialist,3295.40
537,Karina,McKeney,kmckeneyew@howstuffworks.com,Female,Budget/Accounting Analyst II,3395.89
538,Ivie,Siaspinski,isiaspinskiex@census.gov,Female,Data Coordiator,5821.68
539,Mordy,MacCawley,mmaccawleyey@aol.com,Male,VP Product Management,3477.77
540,Reynold,Loffel,rloffelez@hostgator.com,Male,Computer Systems Analyst II,1941.03
541,Xymenes,Crock,xcrockf0@apple.com,Male,Assistant Media Planner,6252.87
542,Lanni,Culkin,lculkinf1@merriam-webster.com,Female,Geological Engineer,4108.24
543,Cynthea,Guppey,cguppeyf2@freewebs.com,Female,Desktop Support Technician,5605.88
544,Goldarina,Buttery,gbutteryf3@behance.net,Female,Staff Scientist,6295.13
545,Shurlock,Lempertz,slempertzf4@timesonline.co.uk,Male,Operator,5222.21
546,Louise,Deehan,ldeehanf5@epa.gov,Female,Cost Accountant,8918.92
547,Ogden,McKaile,omckailef6@t-online.de,Male,Help Desk Technician,5194.72
548,Caryl,Chambers,cchambersf7@altervista.org,Male,Programmer Analyst I,3917.27
549,Waring,Hulls,whullsf8@zdnet.com,Male,Administrative Officer,9330.98
550,Shelby,Najara,snajaraf9@hud.gov,Male,Cost Accountant,9464.34
551,Cristina,Downs,cdownsfa@opensource.org,Female,Structural Analysis Engineer,4751.09
552,Gianna,Greenroad,ggreenroadfb@dell.com,Female,Administrative Assistant II,4055.21
553,Karna,Dewsnap,kdewsnapfc@stanford.edu,Female,Director of Sales,3036.45
554,Leonie,Sapp,lsappfd@over-blog.com,Female,Accountant I,1682.26
555,Madge,Laneham,mlanehamfe@technorati.com,Female,General Manager,8276.56
556,Kristo,Peres,kperesff@foxnews.com,Male,Nurse,9454.40
557,Ardys,Lydiatt,alydiattfg@nature.com,Female,Research Nurse,9358.54
558,Jim,Kaine,jkainefh@usgs.gov,Male,Account Executive,1655.48
559,Shannon,Gillmore,sgillmorefi@51.la,Female,Tax Accountant,5190.50
560,Vale,Attkins,vattkinsfj@1und1.de,Female,Recruiting Manager,6019.50
561,Trevar,Coats,tcoatsfk@archive.org,Male,Assistant Media Planner,5116.27
562,Codie,Cramond,ccramondfl@scribd.com,Male,Actuary,4929.27
563,Sigfrid,Aizikovitch,saizikovitchfm@netvibes.com,Male,Senior Editor,3398.31
564,Vasily,Wimbury,vwimburyfn@xing.com,Male,Programmer II,5240.73
565,Bethanne,Droghan,bdroghanfo@zdnet.com,Female,General Manager,5422.69
566,Giffie,Branchflower,gbranchflowerfp@telegraph.co.uk,Male,Senior Editor,7659.13
567,Keenan,Tipton,ktiptonfq@usatoday.com,Male,Compensation Analyst,7084.50
568,Giovanni,Anyene,ganyenefr@wikia.com,Male,Database Administrator III,9667.05
569,Malissia,Nickoles,mnickolesfs@telegraph.co.uk,Female,Research Associate,8527.40
570,Micki,Petriello,mpetrielloft@google.com,Female,Editor,8706.15
571,Torrie,Podd,tpoddfu@studiopress.com,Female,Human Resources Manager,1525.04
572,Tessy,Storcke,tstorckefv@cyberchimps.com,Female,Human Resources Assistant I,8538.94
573,Flory,Faulks,ffaulksfw@lycos.com,Female,Human Resources Assistant I,1246.32
574,Roana,Twinbrow,rtwinbrowfx@wikispaces.com,Female,Staff Scientist,7339.16
575,Marnie,Paule,mpaulefy@house.gov,Female,Executive Secretary,3699.66
576,Coleman,Robak,crobakfz@hhs.gov,Male,Staff Scientist,4605.72
577,Claudelle,Linskill,clinskillg0@google.co.jp,Female,Teacher,7566.96
578,Brig,Matzl,bmatzlg1@free.fr,Male,Occupational Therapist,8186.77
579,Siegfried,Tink,stinkg2@reuters.com,Male,Paralegal,9003.11
580,Flore,Booi,fbooig3@earthlink.net,Female,Physical Therapy Assistant,8900.07
581,Vicki,Pountney,vpountneyg4@studiopress.com,Female,Internal Auditor,1158.32
582,Abbey,Motten,amotteng5@bing.com,Female,Biostatistician IV,7274.95
583,Torry,Hayland,thaylandg6@shutterfly.com,Male,Analog Circuit Design manager,5132.87
584,Buddy,Carss,bcarssg7@auda.org.au,Male,Account Coordinator,1130.25
585,Burr,Redhills,bredhillsg8@fema.gov,Male,Structural Analysis Engineer,2762.40
586,Helsa,Studdal,hstuddalg9@dell.com,Female,Database Administrator IV,5023.55
587,Denney,Laville,dlavillega@mtv.com,Male,Paralegal,6561.58
588,Franni,Samwayes,fsamwayesgb@newsvine.com,Female,Engineer III,5304.59
589,El,Chetter,echettergc@wikia.com,Male,Nurse Practicioner,2474.19
590,Konstance,Paulazzi,kpaulazzigd@tmall.com,Female,Physical Therapy Assistant,2468.89
591,Sharon,Topper,stopperge@homestead.com,Female,Payment Adjustment Coordinator,8249.73
592,Cece,Rydings,crydingsgf@sogou.com,Male,Design Engineer,7622.76
593,Rorie,Grieswood,rgrieswoodgg@adobe.com,Female,Pharmacist,6536.86
594,Letitia,McVitie,lmcvitiegh@umn.edu,Female,Operator,9105.90
595,Cornie,Gebbe,cgebbegi@salon.com,Male,Sales Associate,3379.56
596,Lucais,Morillas,lmorillasgj@dailymotion.com,Male,Software Consultant,6782.33
597,Pace,Vasser,pvassergk@tumblr.com,Male,Research Associate,7152.39
598,Gerda,Langtry,glangtrygl@samsung.com,Female,Automation Specialist I,2251.49
599,Sherwynd,Bodle,sbodlegm@webeden.co.uk,Male,Editor,9669.18
600,Marcus,Pudding,mpuddinggn@bigcartel.com,Male,Desktop Support Technician,4894.19
601,Andrey,Giacopello,agiacopellogo@hp.com,Male,Food Chemist,5067.68
602,Shani,Good,sgoodgp@chron.com,Female,Human Resources Manager,7866.82
603,Laure,Lovewell,llovewellgq@arizona.edu,Female,Electrical Engineer,1081.43
604,Jaclin,Tolworthie,jtolworthiegr@bizjournals.com,Female,Marketing Assistant,6803.35
605,Zsa zsa,Farnall,zfarnallgs@pagesperso-orange.fr,Female,Staff Scientist,1618.61
606,Gussy,Axston,gaxstongt@myspace.com,Female,Paralegal,5842.73
607,Emmet,Oxbury,eoxburygu@t.co,Male,Junior Executive,2300.92
608,Brianna,Doumerc,bdoumercgv@addtoany.com,Female,Account Coordinator,5310.60
609,Tito,Marcome,tmarcomegw@chronoengine.com,Male,Senior Cost Accountant,9374.01
610,Gregory,Lyness,glynessgx@unicef.org,Male,Staff Accountant I,2008.93
611,Legra,Norris,lnorrisgy@sciencedaily.com,Female,Financial Analyst,2954.46
612,Vlad,Fazackerley,vfazackerleygz@omniture.com,Male,GIS Technical Architect,9637.59
613,Tremayne,Ebbetts,tebbettsh0@sogou.com,Male,Research Associate,1017.28
614,Giordano,Antao,gantaoh1@cyberchimps.com,Male,Research Nurse,7932.34
615,Delmore,Lovejoy,dlovejoyh2@columbia.edu,Male,Database Administrator I,7346.92
616,Dwight,Downing,ddowningh3@a8.net,Male,Dental Hygienist,5842.35
617,Kerk,Sellwood,ksellwoodh4@nih.gov,Male,Design Engineer,9193.17
618,Lucille,Elce,lelceh5@wix.com,Female,Analyst Programmer,6151.76
619,Quint,Thon,qthonh6@cargocollective.com,Male,Civil Engineer,6930.95
620,Rupert,St Leger,rstlegerh7@jiathis.com,Male,Director of Sales,2340.70
621,Simone,Munslow,smunslowh8@netvibes.com,Female,Chemical Engineer,8647.93
622,Sheree,Pullman,spullmanh9@shareasale.com,Female,Financial Advisor,3900.32
623,Boony,Baldin,bbaldinha@hubpages.com,Male,Budget/Accounting Analyst II,7633.79
624,Minor,Lacasa,mlacasahb@springer.com,Male,Nurse Practicioner,1072.12
625,Ward,Amy,wamyhc@jugem.jp,Male,Payment Adjustment Coordinator,7226.66
626,Louise,Brocket,lbrockethd@google.co.jp,Female,Office Assistant III,5011.54
627,Lin,Pretswell,lpretswellhe@addthis.com,Female,Systems Administrator III,9612.41
628,Allard,Gabbatiss,agabbatisshf@pinterest.com,Male,Senior Quality Engineer,4885.88
629,Maddie,Northgraves,mnorthgraveshg@woothemes.com,Male,Help Desk Technician,1606.61
630,Gustav,Pughsley,gpughsleyhh@mayoclinic.com,Male,Director of Sales,9241.99
631,Vita,Stuck,vstuckhi@usa.gov,Female,Database Administrator I,8895.31
632,Bard,Greenstock,bgreenstockhj@studiopress.com,Male,VP Marketing,1492.13
633,Preston,Holburn,pholburnhk@sogou.com,Male,Operator,9816.66
634,Alysa,Anthiftle,aanthiftlehl@buzzfeed.com,Female,Project Manager,7329.82
635,Korie,Heatley,kheatleyhm@nba.com,Female,Registered Nurse,1723.25
636,Ailyn,Shilliday,ashillidayhn@cbc.ca,Female,GIS Technical Architect,9624.38
637,Lauryn,Hadden,lhaddenho@imgur.com,Female,Human Resources Assistant III,8483.14
638,Bret,Klulisek,bklulisekhp@adobe.com,Male,Nuclear Power Engineer,6930.79
639,Eldon,Beadman,ebeadmanhq@dagondesign.com,Male,Marketing Assistant,1672.10
640,Barnabas,Guise,bguisehr@yellowbook.com,Male,Environmental Specialist,4195.48
641,Kaine,Tomblin,ktomblinhs@acquirethisname.com,Male,Occupational Therapist,5655.22
642,Elysha,Ferre,eferreht@51.la,Female,Automation Specialist IV,9584.56
643,Markos,McComish,mmccomishhu@last.fm,Male,Sales Associate,7186.32
644,Land,Librey,llibreyhv@ezinearticles.com,Male,Physical Therapy Assistant,4171.03
645,Marleah,Spurnier,mspurnierhw@abc.net.au,Female,Research Associate,5612.77
646,Berne,O'Cahill,bocahillhx@infoseek.co.jp,Male,VP Quality Control,4155.49
647,Barbie,Jeakins,bjeakinshy@cam.ac.uk,Female,Clinical Specialist,2336.89
648,Esteban,Flounders,efloundershz@umich.edu,Male,Registered Nurse,9582.10
649,Libbi,Darmody,ldarmodyi0@altervista.org,Female,Graphic Designer,3261.52
650,Lynnea,Duro,lduroi1@fc2.com,Female,Media Manager IV,9417.88
651,Free,Narey,fnareyi2@berkeley.edu,Male,Geologist IV,5906.58
652,Brad,Griffitt,bgriffitti3@bloomberg.com,Male,Help Desk Operator,3202.02
653,Margareta,Elston,melstoni4@homestead.com,Female,Desktop Support Technician,2419.04
654,Kai,Bromet,kbrometi5@acquirethisname.com,Female,Payment Adjustment Coordinator,4457.93
655,Amity,Exell,aexelli6@baidu.com,Female,Quality Engineer,7955.66
656,Rutter,Hebdon,rhebdoni7@thetimes.co.uk,Male,Statistician II,6120.27
657,Stuart,Thorndycraft,sthorndycrafti8@go.com,Male,Senior Cost Accountant,8536.20
658,Claudio,Ghidelli,cghidellii9@tinyurl.com,Male,VP Quality Control,9986.98
659,Allen,Siemons,asiemonsia@adobe.com,Male,Graphic Designer,1041.14
660,Vanya,Strugnell,vstrugnellib@opera.com,Male,Internal Auditor,3269.43
661,Charlot,Gilbard,cgilbardic@google.com.br,Female,Clinical Specialist,8603.41
662,Hale,Braddick,hbraddickid@indiegogo.com,Male,Financial Analyst,8346.91
663,Mala,Fone,mfoneie@slideshare.net,Female,Web Designer IV,4457.49
664,Derk,Sale,dsaleif@biblegateway.com,Male,VP Quality Control,5048.03
665,Jessee,Vasishchev,jvasishchevig@mozilla.org,Male,Geologist III,7267.52
666,Ki,Cockhill,kcockhillih@indiatimes.com,Female,Computer Systems Analyst III,9059.68
667,Cesare,Rathborne,crathborneii@columbia.edu,Male,Quality Control Specialist,4819.01
668,Calida,Lett,clettij@hubpages.com,Female,Operator,8252.52
669,Cybill,Gretham,cgrethamik@yandex.ru,Female,Paralegal,2664.12
670,Dona,Ingree,dingreeil@nps.gov,Female,Sales Associate,6275.95
671,Ingar,Walbrun,iwalbrunim@unc.edu,Male,Office Assistant III,5860.33
672,Stanly,Patrickson,spatricksonin@g.co,Male,Associate Professor,3907.38
673,Sybil,Scotts,sscottsio@techcrunch.com,Female,Speech Pathologist,7045.27
674,Janet,Royal,jroyalip@elegantthemes.com,Female,Sales Associate,2471.70
675,Carolin,Valde,cvaldeiq@illinois.edu,Female,Account Executive,1651.60
676,Kory,O'Cullen,kocullenir@aol.com,Male,Analog Circuit Design manager,9266.61
677,Anallese,Bardey,abardeyis@theguardian.com,Female,Staff Accountant IV,4647.13
678,Deeann,Rosiello,drosielloit@cnn.com,Female,Staff Scientist,7461.98
679,Twyla,Rack,trackiu@marriott.com,Female,Speech Pathologist,6947.58
680,Lucy,Roxburch,lroxburchiv@prnewswire.com,Female,Research Associate,9334.12
681,Duky,Kennifeck,dkennifeckiw@gmpg.org,Male,GIS Technical Architect,7022.71
682,Petronia,Allpress,pallpressix@ed.gov,Female,VP Accounting,8042.28
683,Ariadne,Durning,adurningiy@webs.com,Female,VP Marketing,4946.12
684,Ragnar,Veitch,rveitchiz@ucoz.ru,Male,Speech Pathologist,1913.16
685,Elinor,Crepel,ecrepelj0@rambler.ru,Female,Help Desk Operator,8863.02
686,Celia,Nizet,cnizetj1@devhub.com,Female,Community Outreach Specialist,1637.30
687,Jacquie,Matskevich,jmatskevichj2@alexa.com,Female,Occupational Therapist,8523.39
688,Erma,Gabbatiss,egabbatissj3@people.com.cn,Female,Legal Assistant,4995.66
689,Ulick,McColl,umccollj4@stanford.edu,Male,Director of Sales,9976.16
690,Nester,Leggat,nleggatj5@etsy.com,Male,Biostatistician IV,2351.51
691,Chaddy,Entreis,centreisj6@fda.gov,Male,Registered Nurse,4085.12
692,Der,Cashell,dcashellj7@slashdot.org,Male,VP Marketing,4578.55
693,Deidre,Carverhill,dcarverhillj8@mlb.com,Female,Systems Administrator III,4958.28
694,Luci,Huebner,lhuebnerj9@unblog.fr,Female,VP Accounting,2919.09
695,Lin,Drance,ldranceja@issuu.com,Male,Food Chemist,7636.55
696,Hilary,McCudden,hmccuddenjb@arizona.edu,Male,Legal Assistant,6080.91
697,Patric,Norkett,pnorkettjc@dailymail.co.uk,Male,Account Executive,6448.69
698,Judi,Tofanelli,jtofanellijd@technorati.com,Female,Compensation Analyst,5843.85
699,Morton,Dransfield,mdransfieldje@wp.com,Male,Social Worker,7748.70
700,Emmye,Dyka,edykajf@google.it,Female,Senior Editor,2164.02
701,Sher,Entreis,sentreisjg@yahoo.co.jp,Female,Professor,1093.10
702,Dyann,Rowsell,drowselljh@ox.ac.uk,Female,Database Administrator I,3686.57
703,Forrester,Forseith,fforseithji@livejournal.com,Male,Desktop Support Technician,2905.29
704,Vikki,Lusted,vlustedjj@usa.gov,Female,Director of Sales,3607.58
705,Francesco,Dietzler,fdietzlerjk@pcworld.com,Male,Senior Cost Accountant,5212.79
706,Emmanuel,Spindler,espindlerjl@reference.com,Male,Financial Advisor,4775.30
707,Inge,Towsey,itowseyjm@unblog.fr,Female,Business Systems Development Analyst,9481.72
708,Edgar,Blaksley,eblaksleyjn@cbc.ca,Male,Speech Pathologist,4709.01
709,Lyle,Fould,lfouldjo@live.com,Male,Health Coach IV,4805.68
710,Milicent,Stovin,mstovinjp@usnews.com,Female,Staff Scientist,4980.46
711,Gerri,Dillingston,gdillingstonjq@exblog.jp,Male,Occupational Therapist,7318.32
712,Bobinette,Moodey,bmoodeyjr@blogger.com,Female,Computer Systems Analyst III,4990.26
713,Vite,Ertel,verteljs@yahoo.com,Male,Cost Accountant,1585.65
714,Lucretia,Berresford,lberresfordjt@japanpost.jp,Female,VP Quality Control,1313.02
715,Catlaina,Deeney,cdeeneyju@xing.com,Female,Analyst Programmer,1069.95
716,Janot,Dufoure,jdufourejv@boston.com,Female,Analyst Programmer,5488.92
717,Cameron,Bracegirdle,cbracegirdlejw@who.int,Male,Accounting Assistant I,4340.89
718,Darice,Grimble,dgrimblejx@abc.net.au,Female,Professor,3508.61
719,Cookie,McCarthy,cmccarthyjy@nature.com,Female,Web Designer III,8566.98
720,Muffin,Beart,mbeartjz@ustream.tv,Male,Software Consultant,1864.90
721,Hagen,Rucklidge,hrucklidgek0@furl.net,Male,Statistician I,3044.50
722,Petunia,Knappitt,pknappittk1@icq.com,Female,Structural Analysis Engineer,4789.49
723,Malchy,Shulver,mshulverk2@nhs.uk,Male,Chief Design Engineer,9330.37
724,Winston,Kyme,wkymek3@si.edu,Male,Senior Sales Associate,5436.23
725,Kaile,Gadsden,kgadsdenk4@house.gov,Female,Electrical Engineer,8296.24
726,Tandi,Entwisle,tentwislek5@quantcast.com,Female,Senior Cost Accountant,7629.51
727,Shayne,Gasticke,sgastickek6@t-online.de,Male,Analyst Programmer,8659.96
728,Rochelle,Crippen,rcrippenk7@nifty.com,Female,Analog Circuit Design manager,4500.21
729,Rosco,Jellett,rjellettk8@baidu.com,Male,Analog Circuit Design manager,8475.88
730,Barclay,Imort,bimortk9@dedecms.com,Male,Legal Assistant,8374.75
731,Dael,Hattersley,dhattersleyka@cafepress.com,Female,Director of Sales,9062.23
732,Imogene,Barnewall,ibarnewallkb@plala.or.jp,Female,Financial Advisor,8482.50
733,Emmy,Bortoletti,ebortolettikc@sogou.com,Male,Pharmacist,8319.60
734,Marlyn,Hamshar,mhamsharkd@jalbum.net,Female,Dental Hygienist,6579.87
735,Nanon,Knevit,nknevitke@reuters.com,Female,Business Systems Development Analyst,7457.81
736,Kennett,Fellman,kfellmankf@washington.edu,Male,Junior Executive,5813.48
737,Jania,Mantrup,jmantrupkg@csmonitor.com,Female,Accountant II,9429.43
738,Giuseppe,Gardiner,ggardinerkh@ft.com,Male,General Manager,7617.65
739,Hayward,Gallehock,hgallehockki@marriott.com,Male,Analog Circuit Design manager,1616.43
740,Antony,Durrington,adurringtonkj@people.com.cn,Male,Payment Adjustment Coordinator,2885.21
741,Douglass,McWhan,dmcwhankk@wired.com,Male,Editor,6688.28
742,Vincenz,Serrier,vserrierkl@reference.com,Male,Compensation Analyst,8517.20
743,Janean,Branch,jbranchkm@vk.com,Female,Assistant Media Planner,6817.61
744,Adena,Valenti,avalentikn@kickstarter.com,Female,Senior Developer,9908.54
745,Ki,Keningham,kkeninghamko@theatlantic.com,Female,Environmental Tech,5832.81
746,Phaedra,Ager,pagerkp@spotify.com,Female,Human Resources Assistant IV,1256.51
747,Bat,Birchill,bbirchillkq@amazon.com,Male,Programmer Analyst I,7298.28
748,Charita,Cullagh,ccullaghkr@exblog.jp,Female,Media Manager I,7682.39
749,Aldus,Moyne,amoyneks@hud.gov,Male,Automation Specialist III,9670.13
750,Foster,Mochan,fmochankt@reddit.com,Male,Community Outreach Specialist,5729.48
751,Pinchas,Parish,pparishku@oaic.gov.au,Male,VP Marketing,5028.42
752,Dennis,Frensche,dfrenschekv@nbcnews.com,Male,Programmer III,3422.37
753,Christiane,Mitskevich,cmitskevichkw@merriam-webster.com,Female,Internal Auditor,9591.94
754,Ellery,McMillan,emcmillankx@cornell.edu,Male,Sales Associate,5654.49
755,Bart,Greenway,bgreenwayky@ucoz.ru,Male,Electrical Engineer,3976.21
756,Erv,Crotty,ecrottykz@ucsd.edu,Male,VP Accounting,5828.00
757,Kym,Malter,kmalterl0@sitemeter.com,Female,Sales Representative,5925.76
758,Jenna,Frowd,jfrowdl1@army.mil,Female,Community Outreach Specialist,5607.43
759,Donielle,Leece,dleecel2@jigsy.com,Female,Account Coordinator,2477.86
760,Richardo,Preon,rpreonl3@netscape.com,Male,Chief Design Engineer,5456.60
761,Demetra,Chewter,dchewterl4@diigo.com,Female,Sales Associate,1574.58
762,Shalom,Glander,sglanderl5@addthis.com,Male,Technical Writer,4704.67
763,Sutton,Morsley,smorsleyl6@blogtalkradio.com,Male,Research Nurse,3690.32
764,Barnabas,De Bell,bdebelll7@bizjournals.com,Male,Payment Adjustment Coordinator,6642.62
765,Bambie,Pattinson,bpattinsonl8@123-reg.co.uk,Female,Speech Pathologist,5150.15
766,Hortense,Jacquemot,hjacquemotl9@cisco.com,Female,Product Engineer,6178.60
767,Patty,Pellman,ppellmanla@storify.com,Male,Nuclear Power Engineer,9527.38
768,Maritsa,Gunstone,mgunstonelb@jimdo.com,Female,Research Nurse,7203.27
769,Peyter,Vaugham,pvaughamlc@hibu.com,Male,Accounting Assistant II,8016.88
770,Rubin,Jeavons,rjeavonsld@netlog.com,Male,Food Chemist,5448.82
771,Wyn,Bettenson,wbettensonle@rediff.com,Male,Chief Design Engineer,1793.05
772,Georg,Ditchett,gditchettlf@google.ru,Male,Marketing Assistant,7769.30
773,Spencer,Papps,spappslg@sbwire.com,Male,Editor,9589.69
774,Jodi,Kohrt,jkohrtlh@shutterfly.com,Female,Design Engineer,8277.66
775,Tristan,Grave,tgraveli@latimes.com,Male,Statistician I,6227.16
776,Chandler,Jiricka,cjirickalj@constantcontact.com,Male,Account Coordinator,7257.18
777,Anabel,O'Hdirscoll,aohdirscolllk@umn.edu,Female,Marketing Manager,1197.93
778,Heloise,Flasby,hflasbyll@google.de,Female,Budget/Accounting Analyst II,4464.90
779,Albie,Maple,amaplelm@sourceforge.net,Male,Sales Associate,1518.35
780,Ami,Sneller,asnellerln@jalbum.net,Female,Information Systems Manager,5629.99
781,Hilde,Outridge,houtridgelo@wiley.com,Female,Speech Pathologist,4229.87
782,Lukas,Venables,lvenableslp@dmoz.org,Male,Automation Specialist II,7828.15
783,Ches,Carlan,ccarlanlq@google.co.uk,Male,Speech Pathologist,4029.74
784,Miranda,Breukelman,mbreukelmanlr@sina.com.cn,Female,Accountant III,2537.24
785,Ancell,Chaikovski,achaikovskils@last.fm,Male,Legal Assistant,9501.77
786,Elisha,Spellicy,espellicylt@ed.gov,Female,Administrative Assistant II,6676.13
787,Der,Bees,dbeeslu@epa.gov,Male,Biostatistician I,1702.58
788,Terencio,Nurdin,tnurdinlv@yelp.com,Male,Chemical Engineer,6957.96
789,Kylie,Tomasz,ktomaszlw@virginia.edu,Male,Executive Secretary,9807.46
790,Donal,Glaysher,dglaysherlx@ucla.edu,Male,Information Systems Manager,3063.97
791,Ermanno,Tilt,etiltly@ezinearticles.com,Male,Analyst Programmer,9133.66
792,Kristian,Treadgall,ktreadgalllz@booking.com,Male,Chemical Engineer,7094.78
793,Marrilee,McWhinnie,mmcwhinniem0@histats.com,Female,Software Consultant,9880.78
794,Andra,Gosselin,agosselinm1@globo.com,Female,Staff Accountant III,8878.32
795,Vern,Cutsforth,vcutsforthm2@ebay.com,Male,Analyst Programmer,7028.95
796,Kamilah,Pleavin,kpleavinm3@live.com,Female,Design Engineer,7882.90
797,Willem,Tabord,wtabordm4@artisteer.com,Male,Account Representative II,2934.89
798,Dunstan,Dowglass,ddowglassm5@google.ru,Male,Environmental Tech,2828.15
799,Marieann,De Vile,mdevilem6@unesco.org,Female,VP Product Management,4885.47
800,Karylin,Fairs,kfairsm7@state.gov,Female,VP Product Management,1765.89
801,Guy,Wrates,gwratesm8@bloomberg.com,Male,Programmer II,6952.27
802,Margret,Fitzsimmons,mfitzsimmonsm9@chicagotribune.com,Female,Teacher,3877.98
803,Mariska,Troker,mtrokerma@seesaa.net,Female,Editor,7461.38
804,Moe,Crayk,mcraykmb@webnode.com,Male,Recruiting Manager,9631.35
805,Millisent,Dulson,mdulsonmc@mit.edu,Female,Senior Sales Associate,9684.22
806,Adella,Harverson,aharversonmd@imgur.com,Female,General Manager,3434.69
807,Barbabas,Collison,bcollisonme@comcast.net,Male,Editor,2373.37
808,Bruce,Larter,blartermf@arizona.edu,Male,Dental Hygienist,2106.12
809,Audry,Vallentine,avallentinemg@fema.gov,Female,Account Representative II,5054.36
810,Symon,Condell,scondellmh@apple.com,Male,Sales Representative,7591.87
811,Emmy,Swire,eswiremi@ocn.ne.jp,Female,Software Consultant,9998.73
812,Kay,Tingey,ktingeymj@elegantthemes.com,Female,Software Test Engineer IV,4512.20
813,Arlan,Iskow,aiskowmk@bloglovin.com,Male,Physical Therapy Assistant,2526.32
814,Tyrone,Christophe,tchristopheml@deviantart.com,Male,Pharmacist,7619.26
815,Lorette,Patterfield,lpatterfieldmm@amazon.co.jp,Female,Accounting Assistant IV,2012.61
816,Bengt,Bawme,bbawmemn@paypal.com,Male,Junior Executive,7126.48
817,Hyacinth,Swindon,hswindonmo@ted.com,Female,Programmer Analyst II,4771.33
818,Padgett,Mabe,pmabemp@admin.ch,Male,Software Consultant,3783.41
819,Greg,Trathan,gtrathanmq@qq.com,Male,Structural Analysis Engineer,4592.46
820,Oliy,Gascar,ogascarmr@virginia.edu,Female,Associate Professor,4303.20
821,Cristi,Goodright,cgoodrightms@psu.edu,Female,Quality Engineer,2412.52
822,Jessie,Kmiec,jkmiecmt@xinhuanet.com,Male,Recruiter,5874.80
823,Irwin,Richemond,irichemondmu@csmonitor.com,Male,Civil Engineer,5498.45
824,Sargent,Boutellier,sboutelliermv@alexa.com,Male,Business Systems Development Analyst,5832.29
825,Basil,Pennock,bpennockmw@cnet.com,Male,Electrical Engineer,4039.27
826,Bab,Bernasek,bbernasekmx@imgur.com,Female,Automation Specialist IV,8886.35
827,Rutger,Goady,rgoadymy@ebay.com,Male,Human Resources Assistant II,7060.24
828,Malva,Broader,mbroadermz@zdnet.com,Female,Safety Technician IV,3624.69
829,Clive,Elacoate,celacoaten0@altervista.org,Male,Physical Therapy Assistant,3767.02
830,Brittani,Hamflett,bhamflettn1@ted.com,Female,Data Coordiator,7219.24
831,Karine,Sauvage,ksauvagen2@artisteer.com,Female,Compensation Analyst,9217.31
832,Dorrie,Eglin,deglinn3@yellowbook.com,Female,Actuary,5409.27
833,Jaymie,Doyland,jdoylandn4@google.ru,Male,Pharmacist,2406.94
834,Fransisco,Suggey,fsuggeyn5@shinystat.com,Male,Help Desk Operator,2988.23
835,Anthea,Dymick,adymickn6@yellowbook.com,Female,VP Accounting,1433.41
836,Letta,Charge,lchargen7@irs.gov,Female,Graphic Designer,9875.86
837,Boyd,Blaske,bblasken8@wiley.com,Male,Media Manager I,1547.02
838,Justina,Gemelli,jgemellin9@deviantart.com,Female,Senior Editor,2184.39
839,Giordano,Dewes,gdewesna@ucsd.edu,Male,Food Chemist,6768.74
840,Rubin,McIllrick,rmcillricknb@mac.com,Male,Tax Accountant,4065.45
841,Amabelle,Garrand,agarrandnc@goo.ne.jp,Female,Paralegal,5466.43
842,Silvia,Prestner,sprestnernd@gov.uk,Female,Web Designer IV,2187.75
843,Granger,Perutto,gperuttone@berkeley.edu,Male,Recruiting Manager,1765.54
844,Francisco,Midghall,fmidghallnf@people.com.cn,Male,Automation Specialist I,7880.82
845,Catlee,Caswill,ccaswillng@bbc.co.uk,Female,Developer II,1733.93
846,Pieter,Doring,pdoringnh@ehow.com,Male,Recruiting Manager,5303.43
847,Queenie,Ghidelli,qghidellini@yandex.ru,Female,Financial Analyst,9711.53
848,Delaney,Simcox,dsimcoxnj@youtube.com,Male,Graphic Designer,4868.84
849,Marty,Joao,mjoaonk@wordpress.com,Female,Senior Cost Accountant,3473.26
850,Doro,Evanson,devansonnl@theatlantic.com,Female,Mechanical Systems Engineer,5499.14
851,Bradan,Hampstead,bhampsteadnm@over-blog.com,Male,Research Assistant III,6618.63
852,Shanta,Payne,spaynenn@behance.net,Female,Research Associate,7463.49
853,Prue,Book,pbookno@howstuffworks.com,Female,Computer Systems Analyst III,9168.30
854,Chrisse,Birchall,cbirchallnp@nyu.edu,Male,VP Marketing,6706.45
855,Simonne,Skydall,sskydallnq@nature.com,Female,Software Test Engineer II,5245.13
856,Debor,Holcroft,dholcroftnr@diigo.com,Female,Electrical Engineer,1451.29
857,Bruno,Bernardoni,bbernardonins@wunderground.com,Male,VP Product Management,6865.53
858,Harlan,Danniell,hdanniellnt@ask.com,Male,Software Engineer IV,6529.25
859,Zechariah,Yeatman,zyeatmannu@businessweek.com,Male,Software Test Engineer I,1814.24
860,Estel,Keal,ekealnv@squarespace.com,Female,Human Resources Manager,8684.52
861,Julio,Fruser,jfrusernw@mlb.com,Male,Biostatistician IV,4624.52
862,Ginni,Borley,gborleynx@tinyurl.com,Female,Account Representative III,5550.46
863,Gerard,Skillings,gskillingsny@privacy.gov.au,Male,VP Quality Control,6964.77
864,Quillan,Meekings,qmeekingsnz@4shared.com,Male,Marketing Assistant,2056.90
865,Melitta,Boustead,mbousteado0@state.gov,Female,Assistant Professor,3511.81
866,Karina,Doddemeade,kdoddemeadeo1@webs.com,Female,Compensation Analyst,9855.69
867,Colly,Diwell,cdiwello2@weebly.com,Female,Assistant Manager,3914.65
868,Pen,Vedekhin,pvedekhino3@jugem.jp,Male,Design Engineer,8695.72
869,Nathan,Whittington,nwhittingtono4@cargocollective.com,Male,Staff Accountant I,4652.29
870,Ursa,Bourton,ubourtono5@wix.com,Female,Programmer Analyst IV,3439.87
871,Gael,Fardell,gfardello6@tamu.edu,Male,Recruiter,3695.00
872,Miller,Sargeant,msargeanto7@hatena.ne.jp,Male,Assistant Manager,5341.98
873,Ham,Philot,hphiloto8@adobe.com,Male,Speech Pathologist,3446.44
874,Lorant,Sugge,lsuggeo9@xing.com,Male,Registered Nurse,4957.10
875,Saidee,Thrower,sthroweroa@altervista.org,Female,Editor,5578.67
876,Whit,Barnicott,wbarnicottob@hibu.com,Male,Pharmacist,9811.84
877,Rancell,Bloxsum,rbloxsumoc@omniture.com,Male,Teacher,2417.33
878,Marsiella,Bouttell,mbouttellod@msu.edu,Female,Food Chemist,3039.26
879,Lyndel,Bramble,lbrambleoe@icq.com,Female,VP Product Management,3149.41
880,Mel,Scannell,mscannellof@github.com,Female,Nuclear Power Engineer,4493.75
881,Fax,Bim,fbimog@dailymotion.com,Male,Marketing Manager,1481.05
882,Robinette,Barneveld,rbarneveldoh@yahoo.com,Female,Executive Secretary,9463.76
883,Gerti,Meckiff,gmeckiffoi@nyu.edu,Female,Engineer IV,2343.68
884,Patton,Philippon,pphilipponoj@cbsnews.com,Male,Research Assistant I,6591.58
885,Devora,Chue,dchueok@dailymail.co.uk,Female,Structural Engineer,9576.99
886,Rosie,Sealand,rsealandol@scribd.com,Female,Actuary,2916.81
887,Elli,Serle,eserleom@nih.gov,Female,Software Engineer II,1055.80
888,Lane,Lange,llangeon@cbsnews.com,Male,Developer III,7851.96
889,Thaxter,Geratt,tgerattoo@icio.us,Male,Mechanical Systems Engineer,2288.71
890,Adi,Landes,alandesop@sogou.com,Female,Junior Executive,6684.08
891,Odilia,Goldhawk,ogoldhawkoq@google.it,Female,Payment Adjustment Coordinator,3243.55
892,Duncan,Childers,dchildersor@salon.com,Male,Geological Engineer,2658.28
893,Ellene,Vedikhov,evedikhovos@wp.com,Female,Speech Pathologist,5816.18
894,Ida,Parnell,iparnellot@reuters.com,Female,Geological Engineer,8153.55
895,Sherlock,Babbage,sbabbageou@yahoo.com,Male,VP Marketing,5806.66
896,Jethro,Mesnard,jmesnardov@360.cn,Male,Marketing Manager,7521.83
897,Adrian,Boak,aboakow@indiatimes.com,Female,Marketing Assistant,5121.24
898,Melinde,Syphus,msyphusox@epa.gov,Female,Junior Executive,8059.12
899,Lily,Grishmanov,lgrishmanovoy@admin.ch,Female,Safety Technician I,6352.42
900,Corrie,Horlock,chorlockoz@cyberchimps.com,Female,Legal Assistant,2365.21
901,Leroi,McGrane,lmcgranep0@yellowbook.com,Male,Chemical Engineer,4859.94
902,Dayle,Middlewick,dmiddlewickp1@etsy.com,Female,Environmental Specialist,3315.51
903,Emmalee,Ingleton,eingletonp2@over-blog.com,Female,Design Engineer,8064.24
904,Audy,Andraud,aandraudp3@reference.com,Female,Internal Auditor,6334.55
905,Tommy,Josselsohn,tjosselsohnp4@hugedomains.com,Female,Engineer II,3944.00
906,Allyn,Alway,aalwayp5@adobe.com,Male,Sales Representative,4589.62
907,Lauren,Eilert,leilertp6@domainmarket.com,Male,Cost Accountant,9359.30
908,Korry,Churchard,kchurchardp7@fema.gov,Female,Chief Design Engineer,2460.33
909,Brittney,Charlwood,bcharlwoodp8@histats.com,Female,Data Coordiator,6120.09
910,Prissie,Lodder,plodderp9@usda.gov,Female,Environmental Specialist,7148.59
911,Elga,Tapenden,etapendenpa@weibo.com,Female,Data Coordiator,7876.35
912,Joyous,Freckelton,jfreckeltonpb@umn.edu,Female,Recruiter,2135.67
913,Delphinia,Hasel,dhaselpc@google.com.br,Female,Geologist III,5346.10
914,Jase,Byram,jbyrampd@pagesperso-orange.fr,Male,Analyst Programmer,5604.37
915,Jaimie,Meeke,jmeekepe@amazon.com,Female,General Manager,9435.12
916,Arri,Rudloff,arudloffpf@so-net.ne.jp,Male,Health Coach IV,2095.88
917,Patricio,Awton,pawtonpg@goo.ne.jp,Male,General Manager,9124.96
918,Leon,Paoletti,lpaolettiph@ox.ac.uk,Male,Nurse Practicioner,8094.37
919,Xavier,Palluschek,xpalluschekpi@uol.com.br,Male,Engineer III,9638.84
920,Law,Orkney,lorkneypj@apple.com,Male,Operator,9501.90
921,Cornelle,Bugge,cbuggepk@msn.com,Female,Technical Writer,8146.83
922,Willy,Bartalin,wbartalinpl@nydailynews.com,Male,Biostatistician II,3496.77
923,Kyla,Kleint,kkleintpm@ft.com,Female,Software Test Engineer III,4034.91
924,Willie,Proudler,wproudlerpn@reddit.com,Male,Recruiting Manager,3834.45
925,Basia,Coldtart,bcoldtartpo@wikipedia.org,Female,Help Desk Technician,5862.70
926,Eugenius,Rilings,erilingspp@mapquest.com,Male,Food Chemist,4508.76
927,Elbertina,MacDavitt,emacdavittpq@over-blog.com,Female,Assistant Manager,8974.18
928,Spence,Darko,sdarkopr@mediafire.com,Male,Chemical Engineer,1720.84
929,Bail,Kett,bkettps@nih.gov,Male,Budget/Accounting Analyst I,7197.56
930,Marlene,Labrone,mlabronept@google.pl,Female,Quality Engineer,9522.05
931,Lina,Cawthorn,lcawthornpu@addtoany.com,Female,Dental Hygienist,3677.21
932,Barry,Sprowson,bsprowsonpv@google.ru,Male,Speech Pathologist,3970.05
933,Katusha,Calder,kcalderpw@storify.com,Female,Actuary,9116.41
934,Gayle,Blyth,gblythpx@paypal.com,Male,Internal Auditor,7891.32
935,Julio,De Meis,jdemeispy@google.nl,Male,Geological Engineer,6340.87
936,Giorgia,Middas,gmiddaspz@zimbio.com,Female,Environmental Specialist,7903.79
937,Alister,Pavis,apavisq0@jugem.jp,Male,Analyst Programmer,4905.38
938,Elberta,Falconbridge,efalconbridgeq1@amazon.co.jp,Female,VP Quality Control,5355.66
939,Jacobo,Triplow,jtriplowq2@moonfruit.com,Male,Internal Auditor,2667.16
940,Darlene,Kitman,dkitmanq3@prweb.com,Female,Librarian,6644.70
941,Reagan,Meier,rmeierq4@nymag.com,Male,Senior Quality Engineer,6848.97
942,Wendi,Brockelsby,wbrockelsbyq5@patch.com,Female,Environmental Tech,4202.82
943,Genna,Tatum,gtatumq6@google.es,Female,Research Associate,3177.04
944,Kirby,Avon,kavonq7@usatoday.com,Male,Staff Accountant I,3126.25
945,Wrennie,Botwright,wbotwrightq8@furl.net,Female,Teacher,4779.81
946,Suzi,Skitterel,sskitterelq9@tmall.com,Female,Account Representative III,2088.43
947,Shandie,Trippick,strippickqa@weather.com,Female,Engineer III,1548.32
948,Heidi,Beeken,hbeekenqb@nymag.com,Female,Staff Scientist,2317.63
949,Zacharia,Gavozzi,zgavozziqc@vk.com,Male,Project Manager,7683.69
950,Caterina,Kisbee,ckisbeeqd@telegraph.co.uk,Female,Database Administrator I,8605.01
951,Cassandra,Siverns,csivernsqe@wired.com,Female,Payment Adjustment Coordinator,3621.13
952,Stirling,Hudel,shudelqf@accuweather.com,Male,Quality Engineer,8887.30
953,Willi,Korneichuk,wkorneichukqg@hugedomains.com,Male,Chemical Engineer,4949.79
954,Biron,Grannell,bgrannellqh@constantcontact.com,Male,Research Nurse,6041.31
955,Benji,Sussans,bsussansqi@simplemachines.org,Male,Software Engineer II,3791.17
956,Felice,Cooney,fcooneyqj@economist.com,Male,VP Sales,8935.27
957,Jenine,Rosin,jrosinqk@wikispaces.com,Female,Assistant Media Planner,7971.82
958,Gregorius,Pyffe,gpyffeql@usnews.com,Male,VP Marketing,3385.49
959,Hanni,Roggieri,hroggieriqm@deviantart.com,Female,Environmental Specialist,6791.75
960,Boony,Itchingham,bitchinghamqn@sciencedirect.com,Male,Speech Pathologist,4461.47
961,Bud,Wrenn,bwrennqo@bloglovin.com,Male,Nurse,5772.40
962,Ferrel,Labram,flabramqp@oakley.com,Male,Pharmacist,2733.82
963,Palmer,Hackley,phackleyqq@amazon.co.uk,Male,Assistant Professor,5613.59
964,Raphaela,Raoux,rraouxqr@yolasite.com,Female,Account Executive,6910.30
965,Maynord,McInerney,mmcinerneyqs@soundcloud.com,Male,Health Coach I,1487.40
966,Alyse,Crysell,acrysellqt@nature.com,Female,Actuary,4997.76
967,Abagael,Lowthorpe,alowthorpequ@g.co,Female,Research Associate,6952.86
968,Justen,Wymer,jwymerqv@github.io,Male,Occupational Therapist,2778.20
969,Becca,Van Der Weedenburg,bvanderweedenburgqw@360.cn,Female,Recruiting Manager,9522.88
970,Grange,Dumphy,gdumphyqx@fda.gov,Male,Graphic Designer,4723.74
971,Erika,Du Plantier,eduplantierqy@merriam-webster.com,Female,Software Engineer IV,6766.19
972,Kylie,Prattin,kprattinqz@edublogs.org,Female,Senior Quality Engineer,1278.61
973,Otis,Finessy,ofinessyr0@discovery.com,Male,Internal Auditor,7478.18
974,Hercule,Pegden,hpegdenr1@blogs.com,Male,Pharmacist,7005.39
975,Mac,Renol,mrenolr2@goo.ne.jp,Male,Recruiting Manager,1249.56
976,Pattie,de Juares,pdejuaresr3@weibo.com,Female,Account Coordinator,3911.02
977,Lauryn,McArd,lmcardr4@bravesites.com,Female,Assistant Manager,7774.84
978,Dalt,Crutchfield,dcrutchfieldr5@etsy.com,Male,Human Resources Assistant IV,1645.79
979,Doyle,Sant,dsantr6@free.fr,Male,Structural Analysis Engineer,2690.24
980,Nana,Gallelli,ngallellir7@dagondesign.com,Female,Engineer I,7549.14
981,Giustina,Keelan,gkeelanr8@unc.edu,Female,Recruiting Manager,5342.05
982,Warde,Giacubo,wgiacubor9@auda.org.au,Male,Teacher,1007.65
983,Nathanael,Asipenko,nasipenkora@e-recht24.de,Male,Editor,7823.45
984,Finn,Angear,fangearrb@constantcontact.com,Male,Pharmacist,6093.41
985,Alvy,Balassi,abalassirc@businesswire.com,Male,Director of Sales,9407.05
986,Curran,Mellmoth,cmellmothrd@wix.com,Male,Help Desk Operator,6949.30
987,Bordie,Ianne,biannere@walmart.com,Male,Web Designer II,5535.16
988,Lacee,Brokenshaw,lbrokenshawrf@oaic.gov.au,Female,Analyst Programmer,1681.87
989,Derward,Gregersen,dgregersenrg@telegraph.co.uk,Male,Compensation Analyst,7178.74
990,Willard,Holdworth,wholdworthrh@dmoz.org,Male,GIS Technical Architect,1488.02
991,Charisse,Ventris,cventrisri@jalbum.net,Female,Clinical Specialist,9324.28
992,Germain,Kiff,gkiffrj@cornell.edu,Male,VP Accounting,5270.29
993,Eduardo,O'Halligan,eohalliganrk@drupal.org,Male,Editor,4958.07
994,Trudy,Duffie,tduffierl@cnet.com,Female,Legal Assistant,5651.32
995,Olly,Keppie,okeppierm@yellowpages.com,Male,Registered Nurse,2662.24
996,Cacilia,McNirlan,cmcnirlanrn@bloglines.com,Female,Pharmacist,6303.62
997,Lexi,Mapholm,lmapholmro@newsvine.com,Female,GIS Technical Architect,2666.16
998,Pedro,Baurerich,pbaurerichrp@ft.com,Male,Environmental Specialist,6395.69
999,Burlie,Keemer,bkeemerrq@huffingtonpost.com,Male,Editor,4267.83
1000,Sigismund,Fysh,sfyshrr@imgur.com,Male,Structural Analysis Engineer,3890.89
